window_id,date,section,location,start_time,end_time,window_type,available_hours,traffic_level,passenger_train_count,goods_train_count,block_allowed,notes
COA-001,2026-09-28,KGP-MDN,Kharagpur Section,01:00,04:00,Night Block,3.0,Low,2,0,true,Standard night maintenance opportunity
COA-002,2026-09-28,KGP-BLS,Kharagpur-Balasore Section,01:00,04:00,Night Block,3.0,Low,1,1,true,Goods movement requires coordination
COA-003,2026-09-28,KGP-SRC,Santragachi Section,02:00,05:00,Night Block,3.0,Low,1,0,true,Planned engineering window
COA-004,2026-09-28,KGP-KGP,Kharagpur Yard,01:30,04:30,Night Block,3.0,Low,2,1,true,Yard maintenance opportunity
COA-005,2026-09-29,MDN-BLS,Midnapore Section,01:00,05:00,Extended Night Block,4.0,Low,1,0,true,Extended corridor maintenance opportunity
COA-006,2026-09-29,KGP-MDN,Kharagpur-Midnapore Section,00:30,05:00,Extended Night Block,4.5,Low,1,0,true,Long engineering window
COA-007,2026-09-29,JLS-BLS,Jaleswar Section,01:00,04:30,Extended Night Block,3.5,Low,1,0,true,Extended maintenance access
COA-008,2026-09-29,BLS-BAL,Balasore Section,00:30,04:30,Extended Night Block,4.0,Low,1,0,true,Long OHE and signalling opportunity
COA-009,2026-09-30,KGP-BLS,Kharagpur-Balasore Section,02:00,04:00,Short Engineering Window,2.0,Medium,3,1,true,Short block requiring careful planning
COA-010,2026-09-30,KGP-MDN,Kharagpur Section,02:30,04:00,Short Engineering Window,1.5,Medium,3,0,true,Limited duration engineering window
COA-011,2026-09-30,KGP-SRC,Santragachi Section,01:00,03:00,Short Engineering Window,2.0,Medium,4,1,true,Short signalling maintenance opportunity
COA-012,2026-09-30,KGP-KGP,Kharagpur Yard,03:00,05:00,Short Engineering Window,2.0,Medium,3,1,true,Limited yard access
COA-013,2026-10-01,KGP-MDN,Kharagpur Section,10:00,12:00,Restricted Day Window,2.0,High,7,2,false,Passenger traffic prevents engineering block
COA-014,2026-10-01,KGP-BLS,Kharagpur-Balasore Section,11:00,13:00,Restricted Day Window,2.0,High,8,2,false,High passenger traffic
COA-015,2026-10-01,KGP-SRC,Santragachi Section,14:00,16:00,Restricted Day Window,2.0,High,9,1,false,Peak passenger movement
COA-016,2026-10-01,KGP-KGP,Kharagpur Yard,12:00,14:00,Restricted Day Window,2.0,Medium,5,2,false,Operational activity restricts block
COA-017,2026-10-02,KGP-MDN,Kharagpur-Midnapore Section,00:30,05:00,Extended Night Block,4.5,Low,1,0,true,Preferred window for long track work
COA-018,2026-10-02,KGP-BLS,Kharagpur-Balasore Section,01:30,04:30,Night Block,3.0,Low,1,1,true,OHE and track work possible with coordination
COA-019,2026-10-02,KGP-SRC,Santragachi Section,02:00,05:00,Night Block,3.0,Low,2,0,true,Signal and track maintenance opportunity
COA-020,2026-10-02,BLS-BAL,Balasore Section,01:00,04:00,Night Block,3.0,Low,1,0,true,Planned maintenance access
COA-021,2026-10-03,MDN-BLS,Midnapore-Balasore Section,01:00,03:00,Short Engineering Window,2.0,Medium,3,1,true,Limited corridor availability
COA-022,2026-10-03,KGP-ADL,Kharagpur-Andal Section,02:00,05:00,Night Block,3.0,Low,1,0,true,Engineering block available
COA-023,2026-10-03,JLS-BLS,Jaleswar Section,10:00,12:00,Restricted Day Window,2.0,Medium,5,1,false,Daytime traffic restricts maintenance
COA-024,2026-10-04,KGP-MDN,Kharagpur Section,00:00,05:00,Extended Night Block,5.0,Low,1,0,true,Major maintenance opportunity