train_id,service_day,departure,arrival,operational_window
TRN-12001,Daily,06:10,08:30,06:00-09:00
TRN-12002,Daily,17:10,19:30,17:00-20:00
TRN-12801,Daily,05:45,08:15,05:30-08:30
TRN-12802,Daily,20:15,22:45,20:00-23:00
TRN-22641,Daily,07:20,09:50,07:00-10:00
TRN-22642,Daily,18:40,21:10,18:30-21:30
TRN-18001,Daily,08:00,11:00,07:45-11:15
TRN-18002,Daily,15:00,18:00,14:45-18:15
TRN-58001,Daily,09:00,14:00,08:45-14:15
TRN-58002,Daily,14:30,19:30,14:15-19:45
TRN-68001,Daily,10:00,12:30,09:45-12:45
TRN-68002,Daily,16:00,18:30,15:45-18:45
TRN-FRT01,Daily,11:00,15:30,10:45-15:45
TRN-FRT02,Daily,12:00,16:30,11:45-16:45
TRN-FRT03,Daily,13:00,18:00,12:45-18:15
TRN-FRT04,Daily,14:00,19:00,13:45-19:15
