movement_id,movement_date,train_id,section_code,direction,entry_time,exit_time,entry_km,exit_km,train_priority
MOV-20261002-0001,2026-10-02,TRN-12001,HWH-SRC,Down,06:10,06:20,0.0,12.0,High
MOV-20261002-0002,2026-10-02,TRN-12001,SRC-PKU,Down,06:24,07:46,12.0,115.0,High
MOV-20261002-0003,2026-10-02,TRN-12001,PKU-KGP,Down,07:50,08:26,125.0,170.0,High
MOV-20261002-0004,2026-10-02,TRN-12001,KGP-GID,Down,08:31,09:07,170.0,215.0,High
MOV-20261002-0005,2026-10-02,TRN-12002,KGP-GID,Up,17:10,17:46,215.0,170.0,High
MOV-20261002-0006,2026-10-02,TRN-12002,PKU-KGP,Up,17:50,18:26,170.0,125.0,High
MOV-20261002-0007,2026-10-02,TRN-12002,SRC-PKU,Up,18:28,19:50,115.0,12.0,High
MOV-20261002-0008,2026-10-02,TRN-12002,HWH-SRC,Up,19:52,20:02,12.0,0.0,High
MOV-20261002-0009,2026-10-02,TRN-12801,KGP-GID,Up,05:45,06:17,215.0,170.0,Very High
MOV-20261002-0010,2026-10-02,TRN-12801,PKU-KGP,Up,06:22,06:54,170.0,125.0,Very High
MOV-20261002-0011,2026-10-02,TRN-12801,SRC-PKU,Up,06:58,08:11,115.0,12.0,Very High
MOV-20261002-0012,2026-10-02,TRN-12801,HWH-SRC,Up,08:14,08:22,12.0,0.0,Very High
MOV-20261002-0013,2026-10-02,TRN-12802,HWH-SRC,Down,20:15,20:23,0.0,12.0,Very High
MOV-20261002-0014,2026-10-02,TRN-12802,SRC-PKU,Down,20:27,21:40,12.0,115.0,Very High
MOV-20261002-0015,2026-10-02,TRN-12802,PKU-KGP,Down,21:44,22:16,125.0,170.0,Very High
MOV-20261002-0016,2026-10-02,TRN-12802,KGP-GID,Down,22:21,22:53,170.0,215.0,Very High
MOV-20261002-0017,2026-10-02,TRN-18001,HWH-SRC,Down,08:00,08:14,0.0,12.0,Medium
MOV-20261002-0018,2026-10-02,TRN-18001,SRC-PKU,Down,08:16,10:20,12.0,115.0,Medium
MOV-20261002-0019,2026-10-02,TRN-18001,PKU-KGP,Down,10:22,11:16,125.0,170.0,Medium
MOV-20261002-0020,2026-10-02,TRN-18001,KGP-GID,Down,11:21,12:15,170.0,215.0,Medium
MOV-20261002-0021,2026-10-02,TRN-18002,KGP-GID,Up,15:00,15:54,215.0,170.0,Medium
MOV-20261002-0022,2026-10-02,TRN-18002,PKU-KGP,Up,15:59,16:53,170.0,125.0,Medium
MOV-20261002-0023,2026-10-02,TRN-18002,SRC-PKU,Up,16:58,19:02,115.0,12.0,Medium
MOV-20261002-0024,2026-10-02,TRN-18002,HWH-SRC,Up,19:04,19:18,12.0,0.0,Medium
MOV-20261002-0025,2026-10-02,TRN-22641,KGP-GID,Up,07:20,07:53,215.0,170.0,Very High
MOV-20261002-0026,2026-10-02,TRN-22641,PKU-KGP,Up,07:57,08:30,170.0,125.0,Very High
MOV-20261002-0027,2026-10-02,TRN-22641,SRC-PKU,Up,08:34,09:49,115.0,12.0,Very High
MOV-20261002-0028,2026-10-02,TRN-22641,HWH-SRC,Up,09:51,10:00,12.0,0.0,Very High
MOV-20261002-0029,2026-10-02,TRN-22642,HWH-SRC,Down,18:40,18:49,0.0,12.0,Very High
MOV-20261002-0030,2026-10-02,TRN-22642,SRC-PKU,Down,18:54,20:09,12.0,115.0,Very High
MOV-20261002-0031,2026-10-02,TRN-22642,PKU-KGP,Down,20:13,20:46,125.0,170.0,Very High
MOV-20261002-0032,2026-10-02,TRN-22642,KGP-GID,Down,20:51,21:24,170.0,215.0,Very High
MOV-20261002-0033,2026-10-02,TRN-58001,HWH-SRC,Down,09:00,09:16,0.0,12.0,Medium
MOV-20261002-0034,2026-10-02,TRN-58001,SRC-PKU,Down,09:21,11:38,12.0,115.0,Medium
MOV-20261002-0035,2026-10-02,TRN-58001,PKU-KGP,Down,11:41,12:41,125.0,170.0,Medium
MOV-20261002-0036,2026-10-02,TRN-58001,KGP-GID,Down,12:43,13:43,170.0,215.0,Medium
MOV-20261002-0037,2026-10-02,TRN-58002,KGP-GID,Up,14:30,15:30,215.0,170.0,Medium
MOV-20261002-0038,2026-10-02,TRN-58002,PKU-KGP,Up,15:32,16:32,170.0,125.0,Medium
MOV-20261002-0039,2026-10-02,TRN-58002,SRC-PKU,Up,16:34,18:51,115.0,12.0,Medium
MOV-20261002-0040,2026-10-02,TRN-58002,HWH-SRC,Up,18:55,19:11,12.0,0.0,Medium
MOV-20261002-0041,2026-10-02,TRN-68001,HWH-SRC,Down,10:00,10:18,0.0,12.0,Low
MOV-20261002-0042,2026-10-02,TRN-68001,SRC-PKU,Down,10:22,12:56,12.0,115.0,Low
MOV-20261002-0043,2026-10-02,TRN-68001,PKU-KGP,Down,13:01,14:09,125.0,170.0,Low
MOV-20261002-0044,2026-10-02,TRN-68001,KGP-GID,Down,14:12,15:20,170.0,215.0,Low
MOV-20261002-0045,2026-10-02,TRN-68002,KGP-GID,Up,16:00,17:08,215.0,170.0,Low
MOV-20261002-0046,2026-10-02,TRN-68002,PKU-KGP,Up,17:10,18:18,170.0,125.0,Low
MOV-20261002-0047,2026-10-02,TRN-68002,SRC-PKU,Up,18:23,20:57,115.0,12.0,Low
MOV-20261002-0048,2026-10-02,TRN-68002,HWH-SRC,Up,20:59,21:17,12.0,0.0,Low
MOV-20261002-0049,2026-10-02,TRN-FRT01,HWH-SRC,Down,11:00,11:18,0.0,12.0,Low
MOV-20261002-0050,2026-10-02,TRN-FRT01,SRC-PKU,Down,11:23,13:57,12.0,115.0,Low
MOV-20261002-0051,2026-10-02,TRN-FRT01,PKU-KGP,Down,14:00,15:08,125.0,170.0,Low
MOV-20261002-0052,2026-10-02,TRN-FRT01,KGP-GID,Down,15:11,16:19,170.0,215.0,Low
MOV-20261002-0053,2026-10-02,TRN-FRT02,KGP-GID,Up,12:00,13:08,215.0,170.0,Low
MOV-20261002-0054,2026-10-02,TRN-FRT02,PKU-KGP,Up,13:13,14:21,170.0,125.0,Low
MOV-20261002-0055,2026-10-02,TRN-FRT02,SRC-PKU,Up,14:23,16:57,115.0,12.0,Low
MOV-20261002-0056,2026-10-02,TRN-FRT02,HWH-SRC,Up,17:01,17:19,12.0,0.0,Low
MOV-20261002-0057,2026-10-02,TRN-FRT03,HWH-SRC,Down,13:00,13:19,0.0,12.0,Low
MOV-20261002-0058,2026-10-02,TRN-FRT03,SRC-PKU,Down,13:22,16:05,12.0,115.0,Low
MOV-20261002-0059,2026-10-02,TRN-FRT03,PKU-KGP,Down,16:10,17:21,125.0,170.0,Low
MOV-20261002-0060,2026-10-02,TRN-FRT03,KGP-GID,Down,17:23,18:34,170.0,215.0,Low
MOV-20261002-0061,2026-10-02,TRN-FRT04,KGP-GID,Up,14:00,15:11,215.0,170.0,Low
MOV-20261002-0062,2026-10-02,TRN-FRT04,PKU-KGP,Up,15:13,16:24,170.0,125.0,Low
MOV-20261002-0063,2026-10-02,TRN-FRT04,SRC-PKU,Up,16:26,19:09,115.0,12.0,Low
MOV-20261002-0064,2026-10-02,TRN-FRT04,HWH-SRC,Up,19:14,19:33,12.0,0.0,Low
MOV-20261003-0001,2026-10-03,TRN-12001,HWH-SRC,Down,06:10,06:20,0.0,12.0,High
MOV-20261003-0002,2026-10-03,TRN-12001,SRC-PKU,Down,06:24,07:46,12.0,115.0,High
MOV-20261003-0003,2026-10-03,TRN-12001,PKU-KGP,Down,07:51,08:27,125.0,170.0,High
MOV-20261003-0004,2026-10-03,TRN-12001,KGP-GID,Down,08:30,09:06,170.0,215.0,High
MOV-20261003-0005,2026-10-03,TRN-12002,KGP-GID,Up,17:10,17:46,215.0,170.0,High
MOV-20261003-0006,2026-10-03,TRN-12002,PKU-KGP,Up,17:49,18:25,170.0,125.0,High
MOV-20261003-0007,2026-10-03,TRN-12002,SRC-PKU,Up,18:30,19:52,115.0,12.0,High
MOV-20261003-0008,2026-10-03,TRN-12002,HWH-SRC,Up,19:55,20:05,12.0,0.0,High
MOV-20261003-0009,2026-10-03,TRN-12801,KGP-GID,Up,05:45,06:17,215.0,170.0,Very High
MOV-20261003-0010,2026-10-03,TRN-12801,PKU-KGP,Up,06:21,06:53,170.0,125.0,Very High
MOV-20261003-0011,2026-10-03,TRN-12801,SRC-PKU,Up,06:58,08:11,115.0,12.0,Very High
MOV-20261003-0012,2026-10-03,TRN-12801,HWH-SRC,Up,08:14,08:22,12.0,0.0,Very High
MOV-20261003-0013,2026-10-03,TRN-12802,HWH-SRC,Down,20:15,20:23,0.0,12.0,Very High
MOV-20261003-0014,2026-10-03,TRN-12802,SRC-PKU,Down,20:28,21:41,12.0,115.0,Very High
MOV-20261003-0015,2026-10-03,TRN-12802,PKU-KGP,Down,21:45,22:17,125.0,170.0,Very High
MOV-20261003-0016,2026-10-03,TRN-12802,KGP-GID,Down,22:19,22:51,170.0,215.0,Very High
MOV-20261003-0017,2026-10-03,TRN-18001,HWH-SRC,Down,08:00,08:14,0.0,12.0,Medium
MOV-20261003-0018,2026-10-03,TRN-18001,SRC-PKU,Down,08:18,10:22,12.0,115.0,Medium
MOV-20261003-0019,2026-10-03,TRN-18001,PKU-KGP,Down,10:27,11:21,125.0,170.0,Medium
MOV-20261003-0020,2026-10-03,TRN-18001,KGP-GID,Down,11:26,12:20,170.0,215.0,Medium
MOV-20261003-0021,2026-10-03,TRN-18002,KGP-GID,Up,15:00,15:54,215.0,170.0,Medium
MOV-20261003-0022,2026-10-03,TRN-18002,PKU-KGP,Up,15:56,16:50,170.0,125.0,Medium
MOV-20261003-0023,2026-10-03,TRN-18002,SRC-PKU,Up,16:55,18:59,115.0,12.0,Medium
MOV-20261003-0024,2026-10-03,TRN-18002,HWH-SRC,Up,19:01,19:15,12.0,0.0,Medium
MOV-20261003-0025,2026-10-03,TRN-22641,KGP-GID,Up,07:20,07:53,215.0,170.0,Very High
MOV-20261003-0026,2026-10-03,TRN-22641,PKU-KGP,Up,07:57,08:30,170.0,125.0,Very High
MOV-20261003-0027,2026-10-03,TRN-22641,SRC-PKU,Up,08:34,09:49,115.0,12.0,Very High
MOV-20261003-0028,2026-10-03,TRN-22641,HWH-SRC,Up,09:54,10:03,12.0,0.0,Very High
MOV-20261003-0029,2026-10-03,TRN-22642,HWH-SRC,Down,18:40,18:49,0.0,12.0,Very High
MOV-20261003-0030,2026-10-03,TRN-22642,SRC-PKU,Down,18:54,20:09,12.0,115.0,Very High
MOV-20261003-0031,2026-10-03,TRN-22642,PKU-KGP,Down,20:13,20:46,125.0,170.0,Very High
MOV-20261003-0032,2026-10-03,TRN-22642,KGP-GID,Down,20:48,21:21,170.0,215.0,Very High
MOV-20261003-0033,2026-10-03,TRN-58001,HWH-SRC,Down,09:00,09:16,0.0,12.0,Medium
MOV-20261003-0034,2026-10-03,TRN-58001,SRC-PKU,Down,09:21,11:38,12.0,115.0,Medium
MOV-20261003-0035,2026-10-03,TRN-58001,PKU-KGP,Down,11:40,12:40,125.0,170.0,Medium
MOV-20261003-0036,2026-10-03,TRN-58001,KGP-GID,Down,12:43,13:43,170.0,215.0,Medium
MOV-20261003-0037,2026-10-03,TRN-58002,KGP-GID,Up,14:30,15:30,215.0,170.0,Medium
MOV-20261003-0038,2026-10-03,TRN-58002,PKU-KGP,Up,15:35,16:35,170.0,125.0,Medium
MOV-20261003-0039,2026-10-03,TRN-58002,SRC-PKU,Up,16:40,18:57,115.0,12.0,Medium
MOV-20261003-0040,2026-10-03,TRN-58002,HWH-SRC,Up,19:02,19:18,12.0,0.0,Medium
MOV-20261003-0041,2026-10-03,TRN-68001,HWH-SRC,Down,10:00,10:18,0.0,12.0,Low
MOV-20261003-0042,2026-10-03,TRN-68001,SRC-PKU,Down,10:20,12:54,12.0,115.0,Low
MOV-20261003-0043,2026-10-03,TRN-68001,PKU-KGP,Down,12:56,14:04,125.0,170.0,Low
MOV-20261003-0044,2026-10-03,TRN-68001,KGP-GID,Down,14:09,15:17,170.0,215.0,Low
MOV-20261003-0045,2026-10-03,TRN-68002,KGP-GID,Up,16:00,17:08,215.0,170.0,Low
MOV-20261003-0046,2026-10-03,TRN-68002,PKU-KGP,Up,17:10,18:18,170.0,125.0,Low
MOV-20261003-0047,2026-10-03,TRN-68002,SRC-PKU,Up,18:21,20:55,115.0,12.0,Low
MOV-20261003-0048,2026-10-03,TRN-68002,HWH-SRC,Up,21:00,21:18,12.0,0.0,Low
MOV-20261003-0049,2026-10-03,TRN-FRT01,HWH-SRC,Down,11:00,11:18,0.0,12.0,Low
MOV-20261003-0050,2026-10-03,TRN-FRT01,SRC-PKU,Down,11:22,13:56,12.0,115.0,Low
MOV-20261003-0051,2026-10-03,TRN-FRT01,PKU-KGP,Down,13:58,15:06,125.0,170.0,Low
MOV-20261003-0052,2026-10-03,TRN-FRT01,KGP-GID,Down,15:10,16:18,170.0,215.0,Low
MOV-20261003-0053,2026-10-03,TRN-FRT02,KGP-GID,Up,12:00,13:08,215.0,170.0,Low
MOV-20261003-0054,2026-10-03,TRN-FRT02,PKU-KGP,Up,13:10,14:18,170.0,125.0,Low
MOV-20261003-0055,2026-10-03,TRN-FRT02,SRC-PKU,Up,14:22,16:56,115.0,12.0,Low
MOV-20261003-0056,2026-10-03,TRN-FRT02,HWH-SRC,Up,17:01,17:19,12.0,0.0,Low
MOV-20261003-0057,2026-10-03,TRN-FRT03,HWH-SRC,Down,13:00,13:19,0.0,12.0,Low
MOV-20261003-0058,2026-10-03,TRN-FRT03,SRC-PKU,Down,13:21,16:04,12.0,115.0,Low
MOV-20261003-0059,2026-10-03,TRN-FRT03,PKU-KGP,Down,16:06,17:17,125.0,170.0,Low
MOV-20261003-0060,2026-10-03,TRN-FRT03,KGP-GID,Down,17:21,18:32,170.0,215.0,Low
MOV-20261003-0061,2026-10-03,TRN-FRT04,KGP-GID,Up,14:00,15:11,215.0,170.0,Low
MOV-20261003-0062,2026-10-03,TRN-FRT04,PKU-KGP,Up,15:15,16:26,170.0,125.0,Low
MOV-20261003-0063,2026-10-03,TRN-FRT04,SRC-PKU,Up,16:31,19:14,115.0,12.0,Low
MOV-20261003-0064,2026-10-03,TRN-FRT04,HWH-SRC,Up,19:18,19:37,12.0,0.0,Low
MOV-20261004-0001,2026-10-04,TRN-12001,HWH-SRC,Down,06:10,06:20,0.0,12.0,High
MOV-20261004-0002,2026-10-04,TRN-12001,SRC-PKU,Down,06:23,07:45,12.0,115.0,High
MOV-20261004-0003,2026-10-04,TRN-12001,PKU-KGP,Down,07:50,08:26,125.0,170.0,High
MOV-20261004-0004,2026-10-04,TRN-12001,KGP-GID,Down,08:29,09:05,170.0,215.0,High
MOV-20261004-0005,2026-10-04,TRN-12002,KGP-GID,Up,17:10,17:46,215.0,170.0,High
MOV-20261004-0006,2026-10-04,TRN-12002,PKU-KGP,Up,17:49,18:25,170.0,125.0,High
MOV-20261004-0007,2026-10-04,TRN-12002,SRC-PKU,Up,18:27,19:49,115.0,12.0,High
MOV-20261004-0008,2026-10-04,TRN-12002,HWH-SRC,Up,19:54,20:04,12.0,0.0,High
MOV-20261004-0009,2026-10-04,TRN-12801,KGP-GID,Up,05:45,06:17,215.0,170.0,Very High
MOV-20261004-0010,2026-10-04,TRN-12801,PKU-KGP,Up,06:19,06:51,170.0,125.0,Very High
MOV-20261004-0011,2026-10-04,TRN-12801,SRC-PKU,Up,06:54,08:07,115.0,12.0,Very High
MOV-20261004-0012,2026-10-04,TRN-12801,HWH-SRC,Up,08:11,08:19,12.0,0.0,Very High
MOV-20261004-0013,2026-10-04,TRN-12802,HWH-SRC,Down,20:15,20:23,0.0,12.0,Very High
MOV-20261004-0014,2026-10-04,TRN-12802,SRC-PKU,Down,20:28,21:41,12.0,115.0,Very High
MOV-20261004-0015,2026-10-04,TRN-12802,PKU-KGP,Down,21:46,22:18,125.0,170.0,Very High
MOV-20261004-0016,2026-10-04,TRN-12802,KGP-GID,Down,22:21,22:53,170.0,215.0,Very High
MOV-20261004-0017,2026-10-04,TRN-18001,HWH-SRC,Down,08:00,08:14,0.0,12.0,Medium
MOV-20261004-0018,2026-10-04,TRN-18001,SRC-PKU,Down,08:16,10:20,12.0,115.0,Medium
MOV-20261004-0019,2026-10-04,TRN-18001,PKU-KGP,Down,10:24,11:18,125.0,170.0,Medium
MOV-20261004-0020,2026-10-04,TRN-18001,KGP-GID,Down,11:23,12:17,170.0,215.0,Medium
MOV-20261004-0021,2026-10-04,TRN-18002,KGP-GID,Up,15:00,15:54,215.0,170.0,Medium
MOV-20261004-0022,2026-10-04,TRN-18002,PKU-KGP,Up,15:59,16:53,170.0,125.0,Medium
MOV-20261004-0023,2026-10-04,TRN-18002,SRC-PKU,Up,16:56,19:00,115.0,12.0,Medium
MOV-20261004-0024,2026-10-04,TRN-18002,HWH-SRC,Up,19:03,19:17,12.0,0.0,Medium
MOV-20261004-0025,2026-10-04,TRN-22641,KGP-GID,Up,07:20,07:53,215.0,170.0,Very High
MOV-20261004-0026,2026-10-04,TRN-22641,PKU-KGP,Up,07:57,08:30,170.0,125.0,Very High
MOV-20261004-0027,2026-10-04,TRN-22641,SRC-PKU,Up,08:32,09:47,115.0,12.0,Very High
MOV-20261004-0028,2026-10-04,TRN-22641,HWH-SRC,Up,09:52,10:01,12.0,0.0,Very High
MOV-20261004-0029,2026-10-04,TRN-22642,HWH-SRC,Down,18:40,18:49,0.0,12.0,Very High
MOV-20261004-0030,2026-10-04,TRN-22642,SRC-PKU,Down,18:52,20:07,12.0,115.0,Very High
MOV-20261004-0031,2026-10-04,TRN-22642,PKU-KGP,Down,20:10,20:43,125.0,170.0,Very High
MOV-20261004-0032,2026-10-04,TRN-22642,KGP-GID,Down,20:45,21:18,170.0,215.0,Very High
MOV-20261004-0033,2026-10-04,TRN-58001,HWH-SRC,Down,09:00,09:16,0.0,12.0,Medium
MOV-20261004-0034,2026-10-04,TRN-58001,SRC-PKU,Down,09:20,11:37,12.0,115.0,Medium
MOV-20261004-0035,2026-10-04,TRN-58001,PKU-KGP,Down,11:39,12:39,125.0,170.0,Medium
MOV-20261004-0036,2026-10-04,TRN-58001,KGP-GID,Down,12:42,13:42,170.0,215.0,Medium
MOV-20261004-0037,2026-10-04,TRN-58002,KGP-GID,Up,14:30,15:30,215.0,170.0,Medium
MOV-20261004-0038,2026-10-04,TRN-58002,PKU-KGP,Up,15:35,16:35,170.0,125.0,Medium
MOV-20261004-0039,2026-10-04,TRN-58002,SRC-PKU,Up,16:40,18:57,115.0,12.0,Medium
MOV-20261004-0040,2026-10-04,TRN-58002,HWH-SRC,Up,19:00,19:16,12.0,0.0,Medium
MOV-20261004-0041,2026-10-04,TRN-68001,HWH-SRC,Down,10:00,10:18,0.0,12.0,Low
MOV-20261004-0042,2026-10-04,TRN-68001,SRC-PKU,Down,10:21,12:55,12.0,115.0,Low
MOV-20261004-0043,2026-10-04,TRN-68001,PKU-KGP,Down,12:57,14:05,125.0,170.0,Low
MOV-20261004-0044,2026-10-04,TRN-68001,KGP-GID,Down,14:10,15:18,170.0,215.0,Low
MOV-20261004-0045,2026-10-04,TRN-68002,KGP-GID,Up,16:00,17:08,215.0,170.0,Low
MOV-20261004-0046,2026-10-04,TRN-68002,PKU-KGP,Up,17:11,18:19,170.0,125.0,Low
MOV-20261004-0047,2026-10-04,TRN-68002,SRC-PKU,Up,18:23,20:57,115.0,12.0,Low
MOV-20261004-0048,2026-10-04,TRN-68002,HWH-SRC,Up,21:02,21:20,12.0,0.0,Low
MOV-20261004-0049,2026-10-04,TRN-FRT01,HWH-SRC,Down,11:00,11:18,0.0,12.0,Low
MOV-20261004-0050,2026-10-04,TRN-FRT01,SRC-PKU,Down,11:21,13:55,12.0,115.0,Low
MOV-20261004-0051,2026-10-04,TRN-FRT01,PKU-KGP,Down,14:00,15:08,125.0,170.0,Low
MOV-20261004-0052,2026-10-04,TRN-FRT01,KGP-GID,Down,15:11,16:19,170.0,215.0,Low
MOV-20261004-0053,2026-10-04,TRN-FRT02,KGP-GID,Up,12:00,13:08,215.0,170.0,Low
MOV-20261004-0054,2026-10-04,TRN-FRT02,PKU-KGP,Up,13:11,14:19,170.0,125.0,Low
MOV-20261004-0055,2026-10-04,TRN-FRT02,SRC-PKU,Up,14:23,16:57,115.0,12.0,Low
MOV-20261004-0056,2026-10-04,TRN-FRT02,HWH-SRC,Up,17:01,17:19,12.0,0.0,Low
MOV-20261004-0057,2026-10-04,TRN-FRT03,HWH-SRC,Down,13:00,13:19,0.0,12.0,Low
MOV-20261004-0058,2026-10-04,TRN-FRT03,SRC-PKU,Down,13:23,16:06,12.0,115.0,Low
MOV-20261004-0059,2026-10-04,TRN-FRT03,PKU-KGP,Down,16:09,17:20,125.0,170.0,Low
MOV-20261004-0060,2026-10-04,TRN-FRT03,KGP-GID,Down,17:24,18:35,170.0,215.0,Low
MOV-20261004-0061,2026-10-04,TRN-FRT04,KGP-GID,Up,14:00,15:11,215.0,170.0,Low
MOV-20261004-0062,2026-10-04,TRN-FRT04,PKU-KGP,Up,15:14,16:25,170.0,125.0,Low
MOV-20261004-0063,2026-10-04,TRN-FRT04,SRC-PKU,Up,16:27,19:10,115.0,12.0,Low
MOV-20261004-0064,2026-10-04,TRN-FRT04,HWH-SRC,Up,19:15,19:34,12.0,0.0,Low
MOV-20261005-0001,2026-10-05,TRN-12001,HWH-SRC,Down,06:10,06:20,0.0,12.0,High
MOV-20261005-0002,2026-10-05,TRN-12001,SRC-PKU,Down,06:24,07:46,12.0,115.0,High
MOV-20261005-0003,2026-10-05,TRN-12001,PKU-KGP,Down,07:50,08:26,125.0,170.0,High
MOV-20261005-0004,2026-10-05,TRN-12001,KGP-GID,Down,08:29,09:05,170.0,215.0,High
MOV-20261005-0005,2026-10-05,TRN-12002,KGP-GID,Up,17:10,17:46,215.0,170.0,High
MOV-20261005-0006,2026-10-05,TRN-12002,PKU-KGP,Up,17:48,18:24,170.0,125.0,High
MOV-20261005-0007,2026-10-05,TRN-12002,SRC-PKU,Up,18:27,19:49,115.0,12.0,High
MOV-20261005-0008,2026-10-05,TRN-12002,HWH-SRC,Up,19:54,20:04,12.0,0.0,High
MOV-20261005-0009,2026-10-05,TRN-12801,KGP-GID,Up,05:45,06:17,215.0,170.0,Very High
MOV-20261005-0010,2026-10-05,TRN-12801,PKU-KGP,Up,06:22,06:54,170.0,125.0,Very High
MOV-20261005-0011,2026-10-05,TRN-12801,SRC-PKU,Up,06:59,08:12,115.0,12.0,Very High
MOV-20261005-0012,2026-10-05,TRN-12801,HWH-SRC,Up,08:15,08:23,12.0,0.0,Very High
MOV-20261005-0013,2026-10-05,TRN-12802,HWH-SRC,Down,20:15,20:23,0.0,12.0,Very High
MOV-20261005-0014,2026-10-05,TRN-12802,SRC-PKU,Down,20:25,21:38,12.0,115.0,Very High
MOV-20261005-0015,2026-10-05,TRN-12802,PKU-KGP,Down,21:42,22:14,125.0,170.0,Very High
MOV-20261005-0016,2026-10-05,TRN-12802,KGP-GID,Down,22:17,22:49,170.0,215.0,Very High
MOV-20261005-0017,2026-10-05,TRN-18001,HWH-SRC,Down,08:00,08:14,0.0,12.0,Medium
MOV-20261005-0018,2026-10-05,TRN-18001,SRC-PKU,Down,08:17,10:21,12.0,115.0,Medium
MOV-20261005-0019,2026-10-05,TRN-18001,PKU-KGP,Down,10:23,11:17,125.0,170.0,Medium
MOV-20261005-0020,2026-10-05,TRN-18001,KGP-GID,Down,11:21,12:15,170.0,215.0,Medium
MOV-20261005-0021,2026-10-05,TRN-18002,KGP-GID,Up,15:00,15:54,215.0,170.0,Medium
MOV-20261005-0022,2026-10-05,TRN-18002,PKU-KGP,Up,15:59,16:53,170.0,125.0,Medium
MOV-20261005-0023,2026-10-05,TRN-18002,SRC-PKU,Up,16:56,19:00,115.0,12.0,Medium
MOV-20261005-0024,2026-10-05,TRN-18002,HWH-SRC,Up,19:04,19:18,12.0,0.0,Medium
MOV-20261005-0025,2026-10-05,TRN-22641,KGP-GID,Up,07:20,07:53,215.0,170.0,Very High
MOV-20261005-0026,2026-10-05,TRN-22641,PKU-KGP,Up,07:55,08:28,170.0,125.0,Very High
MOV-20261005-0027,2026-10-05,TRN-22641,SRC-PKU,Up,08:31,09:46,115.0,12.0,Very High
MOV-20261005-0028,2026-10-05,TRN-22641,HWH-SRC,Up,09:51,10:00,12.0,0.0,Very High
MOV-20261005-0029,2026-10-05,TRN-22642,HWH-SRC,Down,18:40,18:49,0.0,12.0,Very High
MOV-20261005-0030,2026-10-05,TRN-22642,SRC-PKU,Down,18:52,20:07,12.0,115.0,Very High
MOV-20261005-0031,2026-10-05,TRN-22642,PKU-KGP,Down,20:11,20:44,125.0,170.0,Very High
MOV-20261005-0032,2026-10-05,TRN-22642,KGP-GID,Down,20:48,21:21,170.0,215.0,Very High
MOV-20261005-0033,2026-10-05,TRN-58001,HWH-SRC,Down,09:00,09:16,0.0,12.0,Medium
MOV-20261005-0034,2026-10-05,TRN-58001,SRC-PKU,Down,09:20,11:37,12.0,115.0,Medium
MOV-20261005-0035,2026-10-05,TRN-58001,PKU-KGP,Down,11:42,12:42,125.0,170.0,Medium
MOV-20261005-0036,2026-10-05,TRN-58001,KGP-GID,Down,12:44,13:44,170.0,215.0,Medium
MOV-20261005-0037,2026-10-05,TRN-58002,KGP-GID,Up,14:30,15:30,215.0,170.0,Medium
MOV-20261005-0038,2026-10-05,TRN-58002,PKU-KGP,Up,15:34,16:34,170.0,125.0,Medium
MOV-20261005-0039,2026-10-05,TRN-58002,SRC-PKU,Up,16:39,18:56,115.0,12.0,Medium
MOV-20261005-0040,2026-10-05,TRN-58002,HWH-SRC,Up,19:01,19:17,12.0,0.0,Medium
MOV-20261005-0041,2026-10-05,TRN-68001,HWH-SRC,Down,10:00,10:18,0.0,12.0,Low
MOV-20261005-0042,2026-10-05,TRN-68001,SRC-PKU,Down,10:20,12:54,12.0,115.0,Low
MOV-20261005-0043,2026-10-05,TRN-68001,PKU-KGP,Down,12:59,14:07,125.0,170.0,Low
MOV-20261005-0044,2026-10-05,TRN-68001,KGP-GID,Down,14:09,15:17,170.0,215.0,Low
MOV-20261005-0045,2026-10-05,TRN-68002,KGP-GID,Up,16:00,17:08,215.0,170.0,Low
MOV-20261005-0046,2026-10-05,TRN-68002,PKU-KGP,Up,17:10,18:18,170.0,125.0,Low
MOV-20261005-0047,2026-10-05,TRN-68002,SRC-PKU,Up,18:21,20:55,115.0,12.0,Low
MOV-20261005-0048,2026-10-05,TRN-68002,HWH-SRC,Up,20:59,21:17,12.0,0.0,Low
MOV-20261005-0049,2026-10-05,TRN-FRT01,HWH-SRC,Down,11:00,11:18,0.0,12.0,Low
MOV-20261005-0050,2026-10-05,TRN-FRT01,SRC-PKU,Down,11:20,13:54,12.0,115.0,Low
MOV-20261005-0051,2026-10-05,TRN-FRT01,PKU-KGP,Down,13:57,15:05,125.0,170.0,Low
MOV-20261005-0052,2026-10-05,TRN-FRT01,KGP-GID,Down,15:07,16:15,170.0,215.0,Low
MOV-20261005-0053,2026-10-05,TRN-FRT02,KGP-GID,Up,12:00,13:08,215.0,170.0,Low
MOV-20261005-0054,2026-10-05,TRN-FRT02,PKU-KGP,Up,13:13,14:21,170.0,125.0,Low
MOV-20261005-0055,2026-10-05,TRN-FRT02,SRC-PKU,Up,14:24,16:58,115.0,12.0,Low
MOV-20261005-0056,2026-10-05,TRN-FRT02,HWH-SRC,Up,17:01,17:19,12.0,0.0,Low
MOV-20261005-0057,2026-10-05,TRN-FRT03,HWH-SRC,Down,13:00,13:19,0.0,12.0,Low
MOV-20261005-0058,2026-10-05,TRN-FRT03,SRC-PKU,Down,13:21,16:04,12.0,115.0,Low
MOV-20261005-0059,2026-10-05,TRN-FRT03,PKU-KGP,Down,16:06,17:17,125.0,170.0,Low
MOV-20261005-0060,2026-10-05,TRN-FRT03,KGP-GID,Down,17:22,18:33,170.0,215.0,Low
MOV-20261005-0061,2026-10-05,TRN-FRT04,KGP-GID,Up,14:00,15:11,215.0,170.0,Low
MOV-20261005-0062,2026-10-05,TRN-FRT04,PKU-KGP,Up,15:15,16:26,170.0,125.0,Low
MOV-20261005-0063,2026-10-05,TRN-FRT04,SRC-PKU,Up,16:29,19:12,115.0,12.0,Low
MOV-20261005-0064,2026-10-05,TRN-FRT04,HWH-SRC,Up,19:15,19:34,12.0,0.0,Low
MOV-20261006-0001,2026-10-06,TRN-12001,HWH-SRC,Down,06:10,06:20,0.0,12.0,High
MOV-20261006-0002,2026-10-06,TRN-12001,SRC-PKU,Down,06:25,07:47,12.0,115.0,High
MOV-20261006-0003,2026-10-06,TRN-12001,PKU-KGP,Down,07:51,08:27,125.0,170.0,High
MOV-20261006-0004,2026-10-06,TRN-12001,KGP-GID,Down,08:32,09:08,170.0,215.0,High
MOV-20261006-0005,2026-10-06,TRN-12002,KGP-GID,Up,17:10,17:46,215.0,170.0,High
MOV-20261006-0006,2026-10-06,TRN-12002,PKU-KGP,Up,17:49,18:25,170.0,125.0,High
MOV-20261006-0007,2026-10-06,TRN-12002,SRC-PKU,Up,18:27,19:49,115.0,12.0,High
MOV-20261006-0008,2026-10-06,TRN-12002,HWH-SRC,Up,19:52,20:02,12.0,0.0,High
MOV-20261006-0009,2026-10-06,TRN-12801,KGP-GID,Up,05:45,06:17,215.0,170.0,Very High
MOV-20261006-0010,2026-10-06,TRN-12801,PKU-KGP,Up,06:22,06:54,170.0,125.0,Very High
MOV-20261006-0011,2026-10-06,TRN-12801,SRC-PKU,Up,06:58,08:11,115.0,12.0,Very High
MOV-20261006-0012,2026-10-06,TRN-12801,HWH-SRC,Up,08:14,08:22,12.0,0.0,Very High
MOV-20261006-0013,2026-10-06,TRN-12802,HWH-SRC,Down,20:15,20:23,0.0,12.0,Very High
MOV-20261006-0014,2026-10-06,TRN-12802,SRC-PKU,Down,20:26,21:39,12.0,115.0,Very High
MOV-20261006-0015,2026-10-06,TRN-12802,PKU-KGP,Down,21:44,22:16,125.0,170.0,Very High
MOV-20261006-0016,2026-10-06,TRN-12802,KGP-GID,Down,22:19,22:51,170.0,215.0,Very High
MOV-20261006-0017,2026-10-06,TRN-18001,HWH-SRC,Down,08:00,08:14,0.0,12.0,Medium
MOV-20261006-0018,2026-10-06,TRN-18001,SRC-PKU,Down,08:16,10:20,12.0,115.0,Medium
MOV-20261006-0019,2026-10-06,TRN-18001,PKU-KGP,Down,10:22,11:16,125.0,170.0,Medium
MOV-20261006-0020,2026-10-06,TRN-18001,KGP-GID,Down,11:18,12:12,170.0,215.0,Medium
MOV-20261006-0021,2026-10-06,TRN-18002,KGP-GID,Up,15:00,15:54,215.0,170.0,Medium
MOV-20261006-0022,2026-10-06,TRN-18002,PKU-KGP,Up,15:57,16:51,170.0,125.0,Medium
MOV-20261006-0023,2026-10-06,TRN-18002,SRC-PKU,Up,16:53,18:57,115.0,12.0,Medium
MOV-20261006-0024,2026-10-06,TRN-18002,HWH-SRC,Up,18:59,19:13,12.0,0.0,Medium
MOV-20261006-0025,2026-10-06,TRN-22641,KGP-GID,Up,07:20,07:53,215.0,170.0,Very High
MOV-20261006-0026,2026-10-06,TRN-22641,PKU-KGP,Up,07:57,08:30,170.0,125.0,Very High
MOV-20261006-0027,2026-10-06,TRN-22641,SRC-PKU,Up,08:34,09:49,115.0,12.0,Very High
MOV-20261006-0028,2026-10-06,TRN-22641,HWH-SRC,Up,09:52,10:01,12.0,0.0,Very High
MOV-20261006-0029,2026-10-06,TRN-22642,HWH-SRC,Down,18:40,18:49,0.0,12.0,Very High
MOV-20261006-0030,2026-10-06,TRN-22642,SRC-PKU,Down,18:52,20:07,12.0,115.0,Very High
MOV-20261006-0031,2026-10-06,TRN-22642,PKU-KGP,Down,20:11,20:44,125.0,170.0,Very High
MOV-20261006-0032,2026-10-06,TRN-22642,KGP-GID,Down,20:47,21:20,170.0,215.0,Very High
MOV-20261006-0033,2026-10-06,TRN-58001,HWH-SRC,Down,09:00,09:16,0.0,12.0,Medium
MOV-20261006-0034,2026-10-06,TRN-58001,SRC-PKU,Down,09:20,11:37,12.0,115.0,Medium
MOV-20261006-0035,2026-10-06,TRN-58001,PKU-KGP,Down,11:40,12:40,125.0,170.0,Medium
MOV-20261006-0036,2026-10-06,TRN-58001,KGP-GID,Down,12:44,13:44,170.0,215.0,Medium
MOV-20261006-0037,2026-10-06,TRN-58002,KGP-GID,Up,14:30,15:30,215.0,170.0,Medium
MOV-20261006-0038,2026-10-06,TRN-58002,PKU-KGP,Up,15:33,16:33,170.0,125.0,Medium
MOV-20261006-0039,2026-10-06,TRN-58002,SRC-PKU,Up,16:38,18:55,115.0,12.0,Medium
MOV-20261006-0040,2026-10-06,TRN-58002,HWH-SRC,Up,18:58,19:14,12.0,0.0,Medium
MOV-20261006-0041,2026-10-06,TRN-68001,HWH-SRC,Down,10:00,10:18,0.0,12.0,Low
MOV-20261006-0042,2026-10-06,TRN-68001,SRC-PKU,Down,10:22,12:56,12.0,115.0,Low
MOV-20261006-0043,2026-10-06,TRN-68001,PKU-KGP,Down,12:59,14:07,125.0,170.0,Low
MOV-20261006-0044,2026-10-06,TRN-68001,KGP-GID,Down,14:11,15:19,170.0,215.0,Low
MOV-20261006-0045,2026-10-06,TRN-68002,KGP-GID,Up,16:00,17:08,215.0,170.0,Low
MOV-20261006-0046,2026-10-06,TRN-68002,PKU-KGP,Up,17:10,18:18,170.0,125.0,Low
MOV-20261006-0047,2026-10-06,TRN-68002,SRC-PKU,Up,18:20,20:54,115.0,12.0,Low
MOV-20261006-0048,2026-10-06,TRN-68002,HWH-SRC,Up,20:59,21:17,12.0,0.0,Low
MOV-20261006-0049,2026-10-06,TRN-FRT01,HWH-SRC,Down,11:00,11:18,0.0,12.0,Low
MOV-20261006-0050,2026-10-06,TRN-FRT01,SRC-PKU,Down,11:21,13:55,12.0,115.0,Low
MOV-20261006-0051,2026-10-06,TRN-FRT01,PKU-KGP,Down,14:00,15:08,125.0,170.0,Low
MOV-20261006-0052,2026-10-06,TRN-FRT01,KGP-GID,Down,15:12,16:20,170.0,215.0,Low
MOV-20261006-0053,2026-10-06,TRN-FRT02,KGP-GID,Up,12:00,13:08,215.0,170.0,Low
MOV-20261006-0054,2026-10-06,TRN-FRT02,PKU-KGP,Up,13:10,14:18,170.0,125.0,Low
MOV-20261006-0055,2026-10-06,TRN-FRT02,SRC-PKU,Up,14:22,16:56,115.0,12.0,Low
MOV-20261006-0056,2026-10-06,TRN-FRT02,HWH-SRC,Up,16:59,17:17,12.0,0.0,Low
MOV-20261006-0057,2026-10-06,TRN-FRT03,HWH-SRC,Down,13:00,13:19,0.0,12.0,Low
MOV-20261006-0058,2026-10-06,TRN-FRT03,SRC-PKU,Down,13:22,16:05,12.0,115.0,Low
MOV-20261006-0059,2026-10-06,TRN-FRT03,PKU-KGP,Down,16:07,17:18,125.0,170.0,Low
MOV-20261006-0060,2026-10-06,TRN-FRT03,KGP-GID,Down,17:21,18:32,170.0,215.0,Low
MOV-20261006-0061,2026-10-06,TRN-FRT04,KGP-GID,Up,14:00,15:11,215.0,170.0,Low
MOV-20261006-0062,2026-10-06,TRN-FRT04,PKU-KGP,Up,15:14,16:25,170.0,125.0,Low
MOV-20261006-0063,2026-10-06,TRN-FRT04,SRC-PKU,Up,16:30,19:13,115.0,12.0,Low
MOV-20261006-0064,2026-10-06,TRN-FRT04,HWH-SRC,Up,19:18,19:37,12.0,0.0,Low
MOV-20261007-0001,2026-10-07,TRN-12001,HWH-SRC,Down,06:10,06:20,0.0,12.0,High
MOV-20261007-0002,2026-10-07,TRN-12001,SRC-PKU,Down,06:24,07:46,12.0,115.0,High
MOV-20261007-0003,2026-10-07,TRN-12001,PKU-KGP,Down,07:51,08:27,125.0,170.0,High
MOV-20261007-0004,2026-10-07,TRN-12001,KGP-GID,Down,08:29,09:05,170.0,215.0,High
MOV-20261007-0005,2026-10-07,TRN-12002,KGP-GID,Up,17:10,17:46,215.0,170.0,High
MOV-20261007-0006,2026-10-07,TRN-12002,PKU-KGP,Up,17:49,18:25,170.0,125.0,High
MOV-20261007-0007,2026-10-07,TRN-12002,SRC-PKU,Up,18:27,19:49,115.0,12.0,High
MOV-20261007-0008,2026-10-07,TRN-12002,HWH-SRC,Up,19:51,20:01,12.0,0.0,High
MOV-20261007-0009,2026-10-07,TRN-12801,KGP-GID,Up,05:45,06:17,215.0,170.0,Very High
MOV-20261007-0010,2026-10-07,TRN-12801,PKU-KGP,Up,06:22,06:54,170.0,125.0,Very High
MOV-20261007-0011,2026-10-07,TRN-12801,SRC-PKU,Up,06:57,08:10,115.0,12.0,Very High
MOV-20261007-0012,2026-10-07,TRN-12801,HWH-SRC,Up,08:14,08:22,12.0,0.0,Very High
MOV-20261007-0013,2026-10-07,TRN-12802,HWH-SRC,Down,20:15,20:23,0.0,12.0,Very High
MOV-20261007-0014,2026-10-07,TRN-12802,SRC-PKU,Down,20:28,21:41,12.0,115.0,Very High
MOV-20261007-0015,2026-10-07,TRN-12802,PKU-KGP,Down,21:44,22:16,125.0,170.0,Very High
MOV-20261007-0016,2026-10-07,TRN-12802,KGP-GID,Down,22:18,22:50,170.0,215.0,Very High
MOV-20261007-0017,2026-10-07,TRN-18001,HWH-SRC,Down,08:00,08:14,0.0,12.0,Medium
MOV-20261007-0018,2026-10-07,TRN-18001,SRC-PKU,Down,08:18,10:22,12.0,115.0,Medium
MOV-20261007-0019,2026-10-07,TRN-18001,PKU-KGP,Down,10:26,11:20,125.0,170.0,Medium
MOV-20261007-0020,2026-10-07,TRN-18001,KGP-GID,Down,11:24,12:18,170.0,215.0,Medium
MOV-20261007-0021,2026-10-07,TRN-18002,KGP-GID,Up,15:00,15:54,215.0,170.0,Medium
MOV-20261007-0022,2026-10-07,TRN-18002,PKU-KGP,Up,15:59,16:53,170.0,125.0,Medium
MOV-20261007-0023,2026-10-07,TRN-18002,SRC-PKU,Up,16:57,19:01,115.0,12.0,Medium
MOV-20261007-0024,2026-10-07,TRN-18002,HWH-SRC,Up,19:04,19:18,12.0,0.0,Medium
MOV-20261007-0025,2026-10-07,TRN-22641,KGP-GID,Up,07:20,07:53,215.0,170.0,Very High
MOV-20261007-0026,2026-10-07,TRN-22641,PKU-KGP,Up,07:55,08:28,170.0,125.0,Very High
MOV-20261007-0027,2026-10-07,TRN-22641,SRC-PKU,Up,08:30,09:45,115.0,12.0,Very High
MOV-20261007-0028,2026-10-07,TRN-22641,HWH-SRC,Up,09:48,09:57,12.0,0.0,Very High
MOV-20261007-0029,2026-10-07,TRN-22642,HWH-SRC,Down,18:40,18:49,0.0,12.0,Very High
MOV-20261007-0030,2026-10-07,TRN-22642,SRC-PKU,Down,18:54,20:09,12.0,115.0,Very High
MOV-20261007-0031,2026-10-07,TRN-22642,PKU-KGP,Down,20:13,20:46,125.0,170.0,Very High
MOV-20261007-0032,2026-10-07,TRN-22642,KGP-GID,Down,20:49,21:22,170.0,215.0,Very High
MOV-20261007-0033,2026-10-07,TRN-58001,HWH-SRC,Down,09:00,09:16,0.0,12.0,Medium
MOV-20261007-0034,2026-10-07,TRN-58001,SRC-PKU,Down,09:20,11:37,12.0,115.0,Medium
MOV-20261007-0035,2026-10-07,TRN-58001,PKU-KGP,Down,11:41,12:41,125.0,170.0,Medium
MOV-20261007-0036,2026-10-07,TRN-58001,KGP-GID,Down,12:43,13:43,170.0,215.0,Medium
MOV-20261007-0037,2026-10-07,TRN-58002,KGP-GID,Up,14:30,15:30,215.0,170.0,Medium
MOV-20261007-0038,2026-10-07,TRN-58002,PKU-KGP,Up,15:32,16:32,170.0,125.0,Medium
MOV-20261007-0039,2026-10-07,TRN-58002,SRC-PKU,Up,16:36,18:53,115.0,12.0,Medium
MOV-20261007-0040,2026-10-07,TRN-58002,HWH-SRC,Up,18:58,19:14,12.0,0.0,Medium
MOV-20261007-0041,2026-10-07,TRN-68001,HWH-SRC,Down,10:00,10:18,0.0,12.0,Low
MOV-20261007-0042,2026-10-07,TRN-68001,SRC-PKU,Down,10:23,12:57,12.0,115.0,Low
MOV-20261007-0043,2026-10-07,TRN-68001,PKU-KGP,Down,13:02,14:10,125.0,170.0,Low
MOV-20261007-0044,2026-10-07,TRN-68001,KGP-GID,Down,14:13,15:21,170.0,215.0,Low
MOV-20261007-0045,2026-10-07,TRN-68002,KGP-GID,Up,16:00,17:08,215.0,170.0,Low
MOV-20261007-0046,2026-10-07,TRN-68002,PKU-KGP,Up,17:12,18:20,170.0,125.0,Low
MOV-20261007-0047,2026-10-07,TRN-68002,SRC-PKU,Up,18:22,20:56,115.0,12.0,Low
MOV-20261007-0048,2026-10-07,TRN-68002,HWH-SRC,Up,21:01,21:19,12.0,0.0,Low
MOV-20261007-0049,2026-10-07,TRN-FRT01,HWH-SRC,Down,11:00,11:18,0.0,12.0,Low
MOV-20261007-0050,2026-10-07,TRN-FRT01,SRC-PKU,Down,11:20,13:54,12.0,115.0,Low
MOV-20261007-0051,2026-10-07,TRN-FRT01,PKU-KGP,Down,13:58,15:06,125.0,170.0,Low
MOV-20261007-0052,2026-10-07,TRN-FRT01,KGP-GID,Down,15:09,16:17,170.0,215.0,Low
MOV-20261007-0053,2026-10-07,TRN-FRT02,KGP-GID,Up,12:00,13:08,215.0,170.0,Low
MOV-20261007-0054,2026-10-07,TRN-FRT02,PKU-KGP,Up,13:11,14:19,170.0,125.0,Low
MOV-20261007-0055,2026-10-07,TRN-FRT02,SRC-PKU,Up,14:24,16:58,115.0,12.0,Low
MOV-20261007-0056,2026-10-07,TRN-FRT02,HWH-SRC,Up,17:03,17:21,12.0,0.0,Low
MOV-20261007-0057,2026-10-07,TRN-FRT03,HWH-SRC,Down,13:00,13:19,0.0,12.0,Low
MOV-20261007-0058,2026-10-07,TRN-FRT03,SRC-PKU,Down,13:23,16:06,12.0,115.0,Low
MOV-20261007-0059,2026-10-07,TRN-FRT03,PKU-KGP,Down,16:10,17:21,125.0,170.0,Low
MOV-20261007-0060,2026-10-07,TRN-FRT03,KGP-GID,Down,17:26,18:37,170.0,215.0,Low
MOV-20261007-0061,2026-10-07,TRN-FRT04,KGP-GID,Up,14:00,15:11,215.0,170.0,Low
MOV-20261007-0062,2026-10-07,TRN-FRT04,PKU-KGP,Up,15:14,16:25,170.0,125.0,Low
MOV-20261007-0063,2026-10-07,TRN-FRT04,SRC-PKU,Up,16:29,19:12,115.0,12.0,Low
MOV-20261007-0064,2026-10-07,TRN-FRT04,HWH-SRC,Up,19:15,19:34,12.0,0.0,Low
MOV-20261008-0001,2026-10-08,TRN-12001,HWH-SRC,Down,06:10,06:20,0.0,12.0,High
MOV-20261008-0002,2026-10-08,TRN-12001,SRC-PKU,Down,06:22,07:44,12.0,115.0,High
MOV-20261008-0003,2026-10-08,TRN-12001,PKU-KGP,Down,07:46,08:22,125.0,170.0,High
MOV-20261008-0004,2026-10-08,TRN-12001,KGP-GID,Down,08:27,09:03,170.0,215.0,High
MOV-20261008-0005,2026-10-08,TRN-12002,KGP-GID,Up,17:10,17:46,215.0,170.0,High
MOV-20261008-0006,2026-10-08,TRN-12002,PKU-KGP,Up,17:51,18:27,170.0,125.0,High
MOV-20261008-0007,2026-10-08,TRN-12002,SRC-PKU,Up,18:32,19:54,115.0,12.0,High
MOV-20261008-0008,2026-10-08,TRN-12002,HWH-SRC,Up,19:58,20:08,12.0,0.0,High
MOV-20261008-0009,2026-10-08,TRN-12801,KGP-GID,Up,05:45,06:17,215.0,170.0,Very High
MOV-20261008-0010,2026-10-08,TRN-12801,PKU-KGP,Up,06:20,06:52,170.0,125.0,Very High
MOV-20261008-0011,2026-10-08,TRN-12801,SRC-PKU,Up,06:57,08:10,115.0,12.0,Very High
MOV-20261008-0012,2026-10-08,TRN-12801,HWH-SRC,Up,08:15,08:23,12.0,0.0,Very High
MOV-20261008-0013,2026-10-08,TRN-12802,HWH-SRC,Down,20:15,20:23,0.0,12.0,Very High
MOV-20261008-0014,2026-10-08,TRN-12802,SRC-PKU,Down,20:25,21:38,12.0,115.0,Very High
MOV-20261008-0015,2026-10-08,TRN-12802,PKU-KGP,Down,21:42,22:14,125.0,170.0,Very High
MOV-20261008-0016,2026-10-08,TRN-12802,KGP-GID,Down,22:18,22:50,170.0,215.0,Very High
MOV-20261008-0017,2026-10-08,TRN-18001,HWH-SRC,Down,08:00,08:14,0.0,12.0,Medium
MOV-20261008-0018,2026-10-08,TRN-18001,SRC-PKU,Down,08:18,10:22,12.0,115.0,Medium
MOV-20261008-0019,2026-10-08,TRN-18001,PKU-KGP,Down,10:27,11:21,125.0,170.0,Medium
MOV-20261008-0020,2026-10-08,TRN-18001,KGP-GID,Down,11:24,12:18,170.0,215.0,Medium
MOV-20261008-0021,2026-10-08,TRN-18002,KGP-GID,Up,15:00,15:54,215.0,170.0,Medium
MOV-20261008-0022,2026-10-08,TRN-18002,PKU-KGP,Up,15:58,16:52,170.0,125.0,Medium
MOV-20261008-0023,2026-10-08,TRN-18002,SRC-PKU,Up,16:57,19:01,115.0,12.0,Medium
MOV-20261008-0024,2026-10-08,TRN-18002,HWH-SRC,Up,19:03,19:17,12.0,0.0,Medium
MOV-20261008-0025,2026-10-08,TRN-22641,KGP-GID,Up,07:20,07:53,215.0,170.0,Very High
MOV-20261008-0026,2026-10-08,TRN-22641,PKU-KGP,Up,07:57,08:30,170.0,125.0,Very High
MOV-20261008-0027,2026-10-08,TRN-22641,SRC-PKU,Up,08:33,09:48,115.0,12.0,Very High
MOV-20261008-0028,2026-10-08,TRN-22641,HWH-SRC,Up,09:52,10:01,12.0,0.0,Very High
MOV-20261008-0029,2026-10-08,TRN-22642,HWH-SRC,Down,18:40,18:49,0.0,12.0,Very High
MOV-20261008-0030,2026-10-08,TRN-22642,SRC-PKU,Down,18:54,20:09,12.0,115.0,Very High
MOV-20261008-0031,2026-10-08,TRN-22642,PKU-KGP,Down,20:13,20:46,125.0,170.0,Very High
MOV-20261008-0032,2026-10-08,TRN-22642,KGP-GID,Down,20:51,21:24,170.0,215.0,Very High
MOV-20261008-0033,2026-10-08,TRN-58001,HWH-SRC,Down,09:00,09:16,0.0,12.0,Medium
MOV-20261008-0034,2026-10-08,TRN-58001,SRC-PKU,Down,09:21,11:38,12.0,115.0,Medium
MOV-20261008-0035,2026-10-08,TRN-58001,PKU-KGP,Down,11:42,12:42,125.0,170.0,Medium
MOV-20261008-0036,2026-10-08,TRN-58001,KGP-GID,Down,12:45,13:45,170.0,215.0,Medium
MOV-20261008-0037,2026-10-08,TRN-58002,KGP-GID,Up,14:30,15:30,215.0,170.0,Medium
MOV-20261008-0038,2026-10-08,TRN-58002,PKU-KGP,Up,15:34,16:34,170.0,125.0,Medium
MOV-20261008-0039,2026-10-08,TRN-58002,SRC-PKU,Up,16:36,18:53,115.0,12.0,Medium
MOV-20261008-0040,2026-10-08,TRN-58002,HWH-SRC,Up,18:58,19:14,12.0,0.0,Medium
MOV-20261008-0041,2026-10-08,TRN-68001,HWH-SRC,Down,10:00,10:18,0.0,12.0,Low
MOV-20261008-0042,2026-10-08,TRN-68001,SRC-PKU,Down,10:22,12:56,12.0,115.0,Low
MOV-20261008-0043,2026-10-08,TRN-68001,PKU-KGP,Down,13:01,14:09,125.0,170.0,Low
MOV-20261008-0044,2026-10-08,TRN-68001,KGP-GID,Down,14:12,15:20,170.0,215.0,Low
MOV-20261008-0045,2026-10-08,TRN-68002,KGP-GID,Up,16:00,17:08,215.0,170.0,Low
MOV-20261008-0046,2026-10-08,TRN-68002,PKU-KGP,Up,17:13,18:21,170.0,125.0,Low
MOV-20261008-0047,2026-10-08,TRN-68002,SRC-PKU,Up,18:23,20:57,115.0,12.0,Low
MOV-20261008-0048,2026-10-08,TRN-68002,HWH-SRC,Up,21:01,21:19,12.0,0.0,Low
MOV-20261008-0049,2026-10-08,TRN-FRT01,HWH-SRC,Down,11:00,11:18,0.0,12.0,Low
MOV-20261008-0050,2026-10-08,TRN-FRT01,SRC-PKU,Down,11:20,13:54,12.0,115.0,Low
MOV-20261008-0051,2026-10-08,TRN-FRT01,PKU-KGP,Down,13:59,15:07,125.0,170.0,Low
MOV-20261008-0052,2026-10-08,TRN-FRT01,KGP-GID,Down,15:10,16:18,170.0,215.0,Low
MOV-20261008-0053,2026-10-08,TRN-FRT02,KGP-GID,Up,12:00,13:08,215.0,170.0,Low
MOV-20261008-0054,2026-10-08,TRN-FRT02,PKU-KGP,Up,13:10,14:18,170.0,125.0,Low
MOV-20261008-0055,2026-10-08,TRN-FRT02,SRC-PKU,Up,14:20,16:54,115.0,12.0,Low
MOV-20261008-0056,2026-10-08,TRN-FRT02,HWH-SRC,Up,16:59,17:17,12.0,0.0,Low
MOV-20261008-0057,2026-10-08,TRN-FRT03,HWH-SRC,Down,13:00,13:19,0.0,12.0,Low
MOV-20261008-0058,2026-10-08,TRN-FRT03,SRC-PKU,Down,13:21,16:04,12.0,115.0,Low
MOV-20261008-0059,2026-10-08,TRN-FRT03,PKU-KGP,Down,16:08,17:19,125.0,170.0,Low
MOV-20261008-0060,2026-10-08,TRN-FRT03,KGP-GID,Down,17:21,18:32,170.0,215.0,Low
MOV-20261008-0061,2026-10-08,TRN-FRT04,KGP-GID,Up,14:00,15:11,215.0,170.0,Low
MOV-20261008-0062,2026-10-08,TRN-FRT04,PKU-KGP,Up,15:14,16:25,170.0,125.0,Low
MOV-20261008-0063,2026-10-08,TRN-FRT04,SRC-PKU,Up,16:28,19:11,115.0,12.0,Low
MOV-20261008-0064,2026-10-08,TRN-FRT04,HWH-SRC,Up,19:13,19:32,12.0,0.0,Low
