stop_id,movement_id,train_id,station_code,arrival_time,departure_time,stop_duration_minutes
STOP-20261002-0001,MOV-20261002-0001,TRN-12001,HWH,06:10,06:10,0
STOP-20261002-0002,MOV-20261002-0002,TRN-12001,SRC,06:24,06:24,0
STOP-20261002-0003,MOV-20261002-0003,TRN-12001,PKU,07:50,07:50,0
STOP-20261002-0004,MOV-20261002-0004,TRN-12001,KGP,08:31,08:31,0
STOP-20261002-0005,MOV-20261002-0005,TRN-12002,GID,17:10,17:10,0
STOP-20261002-0006,MOV-20261002-0006,TRN-12002,KGP,17:50,17:50,0
STOP-20261002-0007,MOV-20261002-0007,TRN-12002,PKU,18:28,18:28,0
STOP-20261002-0008,MOV-20261002-0008,TRN-12002,SRC,19:52,19:52,0
STOP-20261002-0009,MOV-20261002-0009,TRN-12801,GID,05:45,05:45,0
STOP-20261002-0010,MOV-20261002-0010,TRN-12801,KGP,06:22,06:22,0
STOP-20261002-0011,MOV-20261002-0011,TRN-12801,PKU,06:58,06:58,0
STOP-20261002-0012,MOV-20261002-0012,TRN-12801,SRC,08:14,08:14,0
STOP-20261002-0013,MOV-20261002-0013,TRN-12802,HWH,20:15,20:15,0
STOP-20261002-0014,MOV-20261002-0014,TRN-12802,SRC,20:27,20:27,0
STOP-20261002-0015,MOV-20261002-0015,TRN-12802,PKU,21:44,21:44,0
STOP-20261002-0016,MOV-20261002-0016,TRN-12802,KGP,22:21,22:21,0
STOP-20261002-0017,MOV-20261002-0017,TRN-18001,HWH,08:00,08:00,0
STOP-20261002-0018,MOV-20261002-0018,TRN-18001,SRC,08:16,08:16,0
STOP-20261002-0019,MOV-20261002-0019,TRN-18001,PKU,10:22,10:22,0
STOP-20261002-0020,MOV-20261002-0020,TRN-18001,KGP,11:21,11:21,0
STOP-20261002-0021,MOV-20261002-0021,TRN-18002,GID,15:00,15:00,0
STOP-20261002-0022,MOV-20261002-0022,TRN-18002,KGP,15:59,15:59,0
STOP-20261002-0023,MOV-20261002-0023,TRN-18002,PKU,16:58,16:58,0
STOP-20261002-0024,MOV-20261002-0024,TRN-18002,SRC,19:04,19:04,0
STOP-20261002-0025,MOV-20261002-0025,TRN-22641,GID,07:20,07:20,0
STOP-20261002-0026,MOV-20261002-0026,TRN-22641,KGP,07:57,07:57,0
STOP-20261002-0027,MOV-20261002-0027,TRN-22641,PKU,08:34,08:34,0
STOP-20261002-0028,MOV-20261002-0028,TRN-22641,SRC,09:51,09:51,0
STOP-20261002-0029,MOV-20261002-0029,TRN-22642,HWH,18:40,18:40,0
STOP-20261002-0030,MOV-20261002-0030,TRN-22642,SRC,18:54,18:54,0
STOP-20261002-0031,MOV-20261002-0031,TRN-22642,PKU,20:13,20:13,0
STOP-20261002-0032,MOV-20261002-0032,TRN-22642,KGP,20:51,20:51,0
STOP-20261002-0033,MOV-20261002-0033,TRN-58001,HWH,09:00,09:00,0
STOP-20261002-0034,MOV-20261002-0034,TRN-58001,SRC,09:21,09:21,0
STOP-20261002-0035,MOV-20261002-0035,TRN-58001,PKU,11:41,11:41,0
STOP-20261002-0036,MOV-20261002-0036,TRN-58001,KGP,12:43,12:43,0
STOP-20261002-0037,MOV-20261002-0037,TRN-58002,GID,14:30,14:30,0
STOP-20261002-0038,MOV-20261002-0038,TRN-58002,KGP,15:32,15:32,0
STOP-20261002-0039,MOV-20261002-0039,TRN-58002,PKU,16:34,16:34,0
STOP-20261002-0040,MOV-20261002-0040,TRN-58002,SRC,18:55,18:55,0
STOP-20261002-0041,MOV-20261002-0041,TRN-68001,HWH,10:00,10:00,0
STOP-20261002-0042,MOV-20261002-0042,TRN-68001,SRC,10:22,10:22,0
STOP-20261002-0043,MOV-20261002-0043,TRN-68001,PKU,13:01,13:01,0
STOP-20261002-0044,MOV-20261002-0044,TRN-68001,KGP,14:12,14:12,0
STOP-20261002-0045,MOV-20261002-0045,TRN-68002,GID,16:00,16:00,0
STOP-20261002-0046,MOV-20261002-0046,TRN-68002,KGP,17:10,17:10,0
STOP-20261002-0047,MOV-20261002-0047,TRN-68002,PKU,18:23,18:23,0
STOP-20261002-0048,MOV-20261002-0048,TRN-68002,SRC,20:59,20:59,0
STOP-20261002-0049,MOV-20261002-0049,TRN-FRT01,HWH,11:00,11:00,0
STOP-20261002-0050,MOV-20261002-0050,TRN-FRT01,SRC,11:23,11:23,0
STOP-20261002-0051,MOV-20261002-0051,TRN-FRT01,PKU,14:00,14:00,0
STOP-20261002-0052,MOV-20261002-0052,TRN-FRT01,KGP,15:11,15:11,0
STOP-20261002-0053,MOV-20261002-0053,TRN-FRT02,GID,12:00,12:00,0
STOP-20261002-0054,MOV-20261002-0054,TRN-FRT02,KGP,13:13,13:13,0
STOP-20261002-0055,MOV-20261002-0055,TRN-FRT02,PKU,14:23,14:23,0
STOP-20261002-0056,MOV-20261002-0056,TRN-FRT02,SRC,17:01,17:01,0
STOP-20261002-0057,MOV-20261002-0057,TRN-FRT03,HWH,13:00,13:00,0
STOP-20261002-0058,MOV-20261002-0058,TRN-FRT03,SRC,13:22,13:22,0
STOP-20261002-0059,MOV-20261002-0059,TRN-FRT03,PKU,16:10,16:10,0
STOP-20261002-0060,MOV-20261002-0060,TRN-FRT03,KGP,17:23,17:23,0
STOP-20261002-0061,MOV-20261002-0061,TRN-FRT04,GID,14:00,14:00,0
STOP-20261002-0062,MOV-20261002-0062,TRN-FRT04,KGP,15:13,15:13,0
STOP-20261002-0063,MOV-20261002-0063,TRN-FRT04,PKU,16:26,16:26,0
STOP-20261002-0064,MOV-20261002-0064,TRN-FRT04,SRC,19:14,19:14,0
STOP-20261003-0001,MOV-20261003-0001,TRN-12001,HWH,06:10,06:10,0
STOP-20261003-0002,MOV-20261003-0002,TRN-12001,SRC,06:24,06:24,0
STOP-20261003-0003,MOV-20261003-0003,TRN-12001,PKU,07:51,07:51,0
STOP-20261003-0004,MOV-20261003-0004,TRN-12001,KGP,08:30,08:30,0
STOP-20261003-0005,MOV-20261003-0005,TRN-12002,GID,17:10,17:10,0
STOP-20261003-0006,MOV-20261003-0006,TRN-12002,KGP,17:49,17:49,0
STOP-20261003-0007,MOV-20261003-0007,TRN-12002,PKU,18:30,18:30,0
STOP-20261003-0008,MOV-20261003-0008,TRN-12002,SRC,19:55,19:55,0
STOP-20261003-0009,MOV-20261003-0009,TRN-12801,GID,05:45,05:45,0
STOP-20261003-0010,MOV-20261003-0010,TRN-12801,KGP,06:21,06:21,0
STOP-20261003-0011,MOV-20261003-0011,TRN-12801,PKU,06:58,06:58,0
STOP-20261003-0012,MOV-20261003-0012,TRN-12801,SRC,08:14,08:14,0
STOP-20261003-0013,MOV-20261003-0013,TRN-12802,HWH,20:15,20:15,0
STOP-20261003-0014,MOV-20261003-0014,TRN-12802,SRC,20:28,20:28,0
STOP-20261003-0015,MOV-20261003-0015,TRN-12802,PKU,21:45,21:45,0
STOP-20261003-0016,MOV-20261003-0016,TRN-12802,KGP,22:19,22:19,0
STOP-20261003-0017,MOV-20261003-0017,TRN-18001,HWH,08:00,08:00,0
STOP-20261003-0018,MOV-20261003-0018,TRN-18001,SRC,08:18,08:18,0
STOP-20261003-0019,MOV-20261003-0019,TRN-18001,PKU,10:27,10:27,0
STOP-20261003-0020,MOV-20261003-0020,TRN-18001,KGP,11:26,11:26,0
STOP-20261003-0021,MOV-20261003-0021,TRN-18002,GID,15:00,15:00,0
STOP-20261003-0022,MOV-20261003-0022,TRN-18002,KGP,15:56,15:56,0
STOP-20261003-0023,MOV-20261003-0023,TRN-18002,PKU,16:55,16:55,0
STOP-20261003-0024,MOV-20261003-0024,TRN-18002,SRC,19:01,19:01,0
STOP-20261003-0025,MOV-20261003-0025,TRN-22641,GID,07:20,07:20,0
STOP-20261003-0026,MOV-20261003-0026,TRN-22641,KGP,07:57,07:57,0
STOP-20261003-0027,MOV-20261003-0027,TRN-22641,PKU,08:34,08:34,0
STOP-20261003-0028,MOV-20261003-0028,TRN-22641,SRC,09:54,09:54,0
STOP-20261003-0029,MOV-20261003-0029,TRN-22642,HWH,18:40,18:40,0
STOP-20261003-0030,MOV-20261003-0030,TRN-22642,SRC,18:54,18:54,0
STOP-20261003-0031,MOV-20261003-0031,TRN-22642,PKU,20:13,20:13,0
STOP-20261003-0032,MOV-20261003-0032,TRN-22642,KGP,20:48,20:48,0
STOP-20261003-0033,MOV-20261003-0033,TRN-58001,HWH,09:00,09:00,0
STOP-20261003-0034,MOV-20261003-0034,TRN-58001,SRC,09:21,09:21,0
STOP-20261003-0035,MOV-20261003-0035,TRN-58001,PKU,11:40,11:40,0
STOP-20261003-0036,MOV-20261003-0036,TRN-58001,KGP,12:43,12:43,0
STOP-20261003-0037,MOV-20261003-0037,TRN-58002,GID,14:30,14:30,0
STOP-20261003-0038,MOV-20261003-0038,TRN-58002,KGP,15:35,15:35,0
STOP-20261003-0039,MOV-20261003-0039,TRN-58002,PKU,16:40,16:40,0
STOP-20261003-0040,MOV-20261003-0040,TRN-58002,SRC,19:02,19:02,0
STOP-20261003-0041,MOV-20261003-0041,TRN-68001,HWH,10:00,10:00,0
STOP-20261003-0042,MOV-20261003-0042,TRN-68001,SRC,10:20,10:20,0
STOP-20261003-0043,MOV-20261003-0043,TRN-68001,PKU,12:56,12:56,0
STOP-20261003-0044,MOV-20261003-0044,TRN-68001,KGP,14:09,14:09,0
STOP-20261003-0045,MOV-20261003-0045,TRN-68002,GID,16:00,16:00,0
STOP-20261003-0046,MOV-20261003-0046,TRN-68002,KGP,17:10,17:10,0
STOP-20261003-0047,MOV-20261003-0047,TRN-68002,PKU,18:21,18:21,0
STOP-20261003-0048,MOV-20261003-0048,TRN-68002,SRC,21:00,21:00,0
STOP-20261003-0049,MOV-20261003-0049,TRN-FRT01,HWH,11:00,11:00,0
STOP-20261003-0050,MOV-20261003-0050,TRN-FRT01,SRC,11:22,11:22,0
STOP-20261003-0051,MOV-20261003-0051,TRN-FRT01,PKU,13:58,13:58,0
STOP-20261003-0052,MOV-20261003-0052,TRN-FRT01,KGP,15:10,15:10,0
STOP-20261003-0053,MOV-20261003-0053,TRN-FRT02,GID,12:00,12:00,0
STOP-20261003-0054,MOV-20261003-0054,TRN-FRT02,KGP,13:10,13:10,0
STOP-20261003-0055,MOV-20261003-0055,TRN-FRT02,PKU,14:22,14:22,0
STOP-20261003-0056,MOV-20261003-0056,TRN-FRT02,SRC,17:01,17:01,0
STOP-20261003-0057,MOV-20261003-0057,TRN-FRT03,HWH,13:00,13:00,0
STOP-20261003-0058,MOV-20261003-0058,TRN-FRT03,SRC,13:21,13:21,0
STOP-20261003-0059,MOV-20261003-0059,TRN-FRT03,PKU,16:06,16:06,0
STOP-20261003-0060,MOV-20261003-0060,TRN-FRT03,KGP,17:21,17:21,0
STOP-20261003-0061,MOV-20261003-0061,TRN-FRT04,GID,14:00,14:00,0
STOP-20261003-0062,MOV-20261003-0062,TRN-FRT04,KGP,15:15,15:15,0
STOP-20261003-0063,MOV-20261003-0063,TRN-FRT04,PKU,16:31,16:31,0
STOP-20261003-0064,MOV-20261003-0064,TRN-FRT04,SRC,19:18,19:18,0
STOP-20261004-0001,MOV-20261004-0001,TRN-12001,HWH,06:10,06:10,0
STOP-20261004-0002,MOV-20261004-0002,TRN-12001,SRC,06:23,06:23,0
STOP-20261004-0003,MOV-20261004-0003,TRN-12001,PKU,07:50,07:50,0
STOP-20261004-0004,MOV-20261004-0004,TRN-12001,KGP,08:29,08:29,0
STOP-20261004-0005,MOV-20261004-0005,TRN-12002,GID,17:10,17:10,0
STOP-20261004-0006,MOV-20261004-0006,TRN-12002,KGP,17:49,17:49,0
STOP-20261004-0007,MOV-20261004-0007,TRN-12002,PKU,18:27,18:27,0
STOP-20261004-0008,MOV-20261004-0008,TRN-12002,SRC,19:54,19:54,0
STOP-20261004-0009,MOV-20261004-0009,TRN-12801,GID,05:45,05:45,0
STOP-20261004-0010,MOV-20261004-0010,TRN-12801,KGP,06:19,06:19,0
STOP-20261004-0011,MOV-20261004-0011,TRN-12801,PKU,06:54,06:54,0
STOP-20261004-0012,MOV-20261004-0012,TRN-12801,SRC,08:11,08:11,0
STOP-20261004-0013,MOV-20261004-0013,TRN-12802,HWH,20:15,20:15,0
STOP-20261004-0014,MOV-20261004-0014,TRN-12802,SRC,20:28,20:28,0
STOP-20261004-0015,MOV-20261004-0015,TRN-12802,PKU,21:46,21:46,0
STOP-20261004-0016,MOV-20261004-0016,TRN-12802,KGP,22:21,22:21,0
STOP-20261004-0017,MOV-20261004-0017,TRN-18001,HWH,08:00,08:00,0
STOP-20261004-0018,MOV-20261004-0018,TRN-18001,SRC,08:16,08:16,0
STOP-20261004-0019,MOV-20261004-0019,TRN-18001,PKU,10:24,10:24,0
STOP-20261004-0020,MOV-20261004-0020,TRN-18001,KGP,11:23,11:23,0
STOP-20261004-0021,MOV-20261004-0021,TRN-18002,GID,15:00,15:00,0
STOP-20261004-0022,MOV-20261004-0022,TRN-18002,KGP,15:59,15:59,0
STOP-20261004-0023,MOV-20261004-0023,TRN-18002,PKU,16:56,16:56,0
STOP-20261004-0024,MOV-20261004-0024,TRN-18002,SRC,19:03,19:03,0
STOP-20261004-0025,MOV-20261004-0025,TRN-22641,GID,07:20,07:20,0
STOP-20261004-0026,MOV-20261004-0026,TRN-22641,KGP,07:57,07:57,0
STOP-20261004-0027,MOV-20261004-0027,TRN-22641,PKU,08:32,08:32,0
STOP-20261004-0028,MOV-20261004-0028,TRN-22641,SRC,09:52,09:52,0
STOP-20261004-0029,MOV-20261004-0029,TRN-22642,HWH,18:40,18:40,0
STOP-20261004-0030,MOV-20261004-0030,TRN-22642,SRC,18:52,18:52,0
STOP-20261004-0031,MOV-20261004-0031,TRN-22642,PKU,20:10,20:10,0
STOP-20261004-0032,MOV-20261004-0032,TRN-22642,KGP,20:45,20:45,0
STOP-20261004-0033,MOV-20261004-0033,TRN-58001,HWH,09:00,09:00,0
STOP-20261004-0034,MOV-20261004-0034,TRN-58001,SRC,09:20,09:20,0
STOP-20261004-0035,MOV-20261004-0035,TRN-58001,PKU,11:39,11:39,0
STOP-20261004-0036,MOV-20261004-0036,TRN-58001,KGP,12:42,12:42,0
STOP-20261004-0037,MOV-20261004-0037,TRN-58002,GID,14:30,14:30,0
STOP-20261004-0038,MOV-20261004-0038,TRN-58002,KGP,15:35,15:35,0
STOP-20261004-0039,MOV-20261004-0039,TRN-58002,PKU,16:40,16:40,0
STOP-20261004-0040,MOV-20261004-0040,TRN-58002,SRC,19:00,19:00,0
STOP-20261004-0041,MOV-20261004-0041,TRN-68001,HWH,10:00,10:00,0
STOP-20261004-0042,MOV-20261004-0042,TRN-68001,SRC,10:21,10:21,0
STOP-20261004-0043,MOV-20261004-0043,TRN-68001,PKU,12:57,12:57,0
STOP-20261004-0044,MOV-20261004-0044,TRN-68001,KGP,14:10,14:10,0
STOP-20261004-0045,MOV-20261004-0045,TRN-68002,GID,16:00,16:00,0
STOP-20261004-0046,MOV-20261004-0046,TRN-68002,KGP,17:11,17:11,0
STOP-20261004-0047,MOV-20261004-0047,TRN-68002,PKU,18:23,18:23,0
STOP-20261004-0048,MOV-20261004-0048,TRN-68002,SRC,21:02,21:02,0
STOP-20261004-0049,MOV-20261004-0049,TRN-FRT01,HWH,11:00,11:00,0
STOP-20261004-0050,MOV-20261004-0050,TRN-FRT01,SRC,11:21,11:21,0
STOP-20261004-0051,MOV-20261004-0051,TRN-FRT01,PKU,14:00,14:00,0
STOP-20261004-0052,MOV-20261004-0052,TRN-FRT01,KGP,15:11,15:11,0
STOP-20261004-0053,MOV-20261004-0053,TRN-FRT02,GID,12:00,12:00,0
STOP-20261004-0054,MOV-20261004-0054,TRN-FRT02,KGP,13:11,13:11,0
STOP-20261004-0055,MOV-20261004-0055,TRN-FRT02,PKU,14:23,14:23,0
STOP-20261004-0056,MOV-20261004-0056,TRN-FRT02,SRC,17:01,17:01,0
STOP-20261004-0057,MOV-20261004-0057,TRN-FRT03,HWH,13:00,13:00,0
STOP-20261004-0058,MOV-20261004-0058,TRN-FRT03,SRC,13:23,13:23,0
STOP-20261004-0059,MOV-20261004-0059,TRN-FRT03,PKU,16:09,16:09,0
STOP-20261004-0060,MOV-20261004-0060,TRN-FRT03,KGP,17:24,17:24,0
STOP-20261004-0061,MOV-20261004-0061,TRN-FRT04,GID,14:00,14:00,0
STOP-20261004-0062,MOV-20261004-0062,TRN-FRT04,KGP,15:14,15:14,0
STOP-20261004-0063,MOV-20261004-0063,TRN-FRT04,PKU,16:27,16:27,0
STOP-20261004-0064,MOV-20261004-0064,TRN-FRT04,SRC,19:15,19:15,0
STOP-20261005-0001,MOV-20261005-0001,TRN-12001,HWH,06:10,06:10,0
STOP-20261005-0002,MOV-20261005-0002,TRN-12001,SRC,06:24,06:24,0
STOP-20261005-0003,MOV-20261005-0003,TRN-12001,PKU,07:50,07:50,0
STOP-20261005-0004,MOV-20261005-0004,TRN-12001,KGP,08:29,08:29,0
STOP-20261005-0005,MOV-20261005-0005,TRN-12002,GID,17:10,17:10,0
STOP-20261005-0006,MOV-20261005-0006,TRN-12002,KGP,17:48,17:48,0
STOP-20261005-0007,MOV-20261005-0007,TRN-12002,PKU,18:27,18:27,0
STOP-20261005-0008,MOV-20261005-0008,TRN-12002,SRC,19:54,19:54,0
STOP-20261005-0009,MOV-20261005-0009,TRN-12801,GID,05:45,05:45,0
STOP-20261005-0010,MOV-20261005-0010,TRN-12801,KGP,06:22,06:22,0
STOP-20261005-0011,MOV-20261005-0011,TRN-12801,PKU,06:59,06:59,0
STOP-20261005-0012,MOV-20261005-0012,TRN-12801,SRC,08:15,08:15,0
STOP-20261005-0013,MOV-20261005-0013,TRN-12802,HWH,20:15,20:15,0
STOP-20261005-0014,MOV-20261005-0014,TRN-12802,SRC,20:25,20:25,0
STOP-20261005-0015,MOV-20261005-0015,TRN-12802,PKU,21:42,21:42,0
STOP-20261005-0016,MOV-20261005-0016,TRN-12802,KGP,22:17,22:17,0
STOP-20261005-0017,MOV-20261005-0017,TRN-18001,HWH,08:00,08:00,0
STOP-20261005-0018,MOV-20261005-0018,TRN-18001,SRC,08:17,08:17,0
STOP-20261005-0019,MOV-20261005-0019,TRN-18001,PKU,10:23,10:23,0
STOP-20261005-0020,MOV-20261005-0020,TRN-18001,KGP,11:21,11:21,0
STOP-20261005-0021,MOV-20261005-0021,TRN-18002,GID,15:00,15:00,0
STOP-20261005-0022,MOV-20261005-0022,TRN-18002,KGP,15:59,15:59,0
STOP-20261005-0023,MOV-20261005-0023,TRN-18002,PKU,16:56,16:56,0
STOP-20261005-0024,MOV-20261005-0024,TRN-18002,SRC,19:04,19:04,0
STOP-20261005-0025,MOV-20261005-0025,TRN-22641,GID,07:20,07:20,0
STOP-20261005-0026,MOV-20261005-0026,TRN-22641,KGP,07:55,07:55,0
STOP-20261005-0027,MOV-20261005-0027,TRN-22641,PKU,08:31,08:31,0
STOP-20261005-0028,MOV-20261005-0028,TRN-22641,SRC,09:51,09:51,0
STOP-20261005-0029,MOV-20261005-0029,TRN-22642,HWH,18:40,18:40,0
STOP-20261005-0030,MOV-20261005-0030,TRN-22642,SRC,18:52,18:52,0
STOP-20261005-0031,MOV-20261005-0031,TRN-22642,PKU,20:11,20:11,0
STOP-20261005-0032,MOV-20261005-0032,TRN-22642,KGP,20:48,20:48,0
STOP-20261005-0033,MOV-20261005-0033,TRN-58001,HWH,09:00,09:00,0
STOP-20261005-0034,MOV-20261005-0034,TRN-58001,SRC,09:20,09:20,0
STOP-20261005-0035,MOV-20261005-0035,TRN-58001,PKU,11:42,11:42,0
STOP-20261005-0036,MOV-20261005-0036,TRN-58001,KGP,12:44,12:44,0
STOP-20261005-0037,MOV-20261005-0037,TRN-58002,GID,14:30,14:30,0
STOP-20261005-0038,MOV-20261005-0038,TRN-58002,KGP,15:34,15:34,0
STOP-20261005-0039,MOV-20261005-0039,TRN-58002,PKU,16:39,16:39,0
STOP-20261005-0040,MOV-20261005-0040,TRN-58002,SRC,19:01,19:01,0
STOP-20261005-0041,MOV-20261005-0041,TRN-68001,HWH,10:00,10:00,0
STOP-20261005-0042,MOV-20261005-0042,TRN-68001,SRC,10:20,10:20,0
STOP-20261005-0043,MOV-20261005-0043,TRN-68001,PKU,12:59,12:59,0
STOP-20261005-0044,MOV-20261005-0044,TRN-68001,KGP,14:09,14:09,0
STOP-20261005-0045,MOV-20261005-0045,TRN-68002,GID,16:00,16:00,0
STOP-20261005-0046,MOV-20261005-0046,TRN-68002,KGP,17:10,17:10,0
STOP-20261005-0047,MOV-20261005-0047,TRN-68002,PKU,18:21,18:21,0
STOP-20261005-0048,MOV-20261005-0048,TRN-68002,SRC,20:59,20:59,0
STOP-20261005-0049,MOV-20261005-0049,TRN-FRT01,HWH,11:00,11:00,0
STOP-20261005-0050,MOV-20261005-0050,TRN-FRT01,SRC,11:20,11:20,0
STOP-20261005-0051,MOV-20261005-0051,TRN-FRT01,PKU,13:57,13:57,0
STOP-20261005-0052,MOV-20261005-0052,TRN-FRT01,KGP,15:07,15:07,0
STOP-20261005-0053,MOV-20261005-0053,TRN-FRT02,GID,12:00,12:00,0
STOP-20261005-0054,MOV-20261005-0054,TRN-FRT02,KGP,13:13,13:13,0
STOP-20261005-0055,MOV-20261005-0055,TRN-FRT02,PKU,14:24,14:24,0
STOP-20261005-0056,MOV-20261005-0056,TRN-FRT02,SRC,17:01,17:01,0
STOP-20261005-0057,MOV-20261005-0057,TRN-FRT03,HWH,13:00,13:00,0
STOP-20261005-0058,MOV-20261005-0058,TRN-FRT03,SRC,13:21,13:21,0
STOP-20261005-0059,MOV-20261005-0059,TRN-FRT03,PKU,16:06,16:06,0
STOP-20261005-0060,MOV-20261005-0060,TRN-FRT03,KGP,17:22,17:22,0
STOP-20261005-0061,MOV-20261005-0061,TRN-FRT04,GID,14:00,14:00,0
STOP-20261005-0062,MOV-20261005-0062,TRN-FRT04,KGP,15:15,15:15,0
STOP-20261005-0063,MOV-20261005-0063,TRN-FRT04,PKU,16:29,16:29,0
STOP-20261005-0064,MOV-20261005-0064,TRN-FRT04,SRC,19:15,19:15,0
STOP-20261006-0001,MOV-20261006-0001,TRN-12001,HWH,06:10,06:10,0
STOP-20261006-0002,MOV-20261006-0002,TRN-12001,SRC,06:25,06:25,0
STOP-20261006-0003,MOV-20261006-0003,TRN-12001,PKU,07:51,07:51,0
STOP-20261006-0004,MOV-20261006-0004,TRN-12001,KGP,08:32,08:32,0
STOP-20261006-0005,MOV-20261006-0005,TRN-12002,GID,17:10,17:10,0
STOP-20261006-0006,MOV-20261006-0006,TRN-12002,KGP,17:49,17:49,0
STOP-20261006-0007,MOV-20261006-0007,TRN-12002,PKU,18:27,18:27,0
STOP-20261006-0008,MOV-20261006-0008,TRN-12002,SRC,19:52,19:52,0
STOP-20261006-0009,MOV-20261006-0009,TRN-12801,GID,05:45,05:45,0
STOP-20261006-0010,MOV-20261006-0010,TRN-12801,KGP,06:22,06:22,0
STOP-20261006-0011,MOV-20261006-0011,TRN-12801,PKU,06:58,06:58,0
STOP-20261006-0012,MOV-20261006-0012,TRN-12801,SRC,08:14,08:14,0
STOP-20261006-0013,MOV-20261006-0013,TRN-12802,HWH,20:15,20:15,0
STOP-20261006-0014,MOV-20261006-0014,TRN-12802,SRC,20:26,20:26,0
STOP-20261006-0015,MOV-20261006-0015,TRN-12802,PKU,21:44,21:44,0
STOP-20261006-0016,MOV-20261006-0016,TRN-12802,KGP,22:19,22:19,0
STOP-20261006-0017,MOV-20261006-0017,TRN-18001,HWH,08:00,08:00,0
STOP-20261006-0018,MOV-20261006-0018,TRN-18001,SRC,08:16,08:16,0
STOP-20261006-0019,MOV-20261006-0019,TRN-18001,PKU,10:22,10:22,0
STOP-20261006-0020,MOV-20261006-0020,TRN-18001,KGP,11:18,11:18,0
STOP-20261006-0021,MOV-20261006-0021,TRN-18002,GID,15:00,15:00,0
STOP-20261006-0022,MOV-20261006-0022,TRN-18002,KGP,15:57,15:57,0
STOP-20261006-0023,MOV-20261006-0023,TRN-18002,PKU,16:53,16:53,0
STOP-20261006-0024,MOV-20261006-0024,TRN-18002,SRC,18:59,18:59,0
STOP-20261006-0025,MOV-20261006-0025,TRN-22641,GID,07:20,07:20,0
STOP-20261006-0026,MOV-20261006-0026,TRN-22641,KGP,07:57,07:57,0
STOP-20261006-0027,MOV-20261006-0027,TRN-22641,PKU,08:34,08:34,0
STOP-20261006-0028,MOV-20261006-0028,TRN-22641,SRC,09:52,09:52,0
STOP-20261006-0029,MOV-20261006-0029,TRN-22642,HWH,18:40,18:40,0
STOP-20261006-0030,MOV-20261006-0030,TRN-22642,SRC,18:52,18:52,0
STOP-20261006-0031,MOV-20261006-0031,TRN-22642,PKU,20:11,20:11,0
STOP-20261006-0032,MOV-20261006-0032,TRN-22642,KGP,20:47,20:47,0
STOP-20261006-0033,MOV-20261006-0033,TRN-58001,HWH,09:00,09:00,0
STOP-20261006-0034,MOV-20261006-0034,TRN-58001,SRC,09:20,09:20,0
STOP-20261006-0035,MOV-20261006-0035,TRN-58001,PKU,11:40,11:40,0
STOP-20261006-0036,MOV-20261006-0036,TRN-58001,KGP,12:44,12:44,0
STOP-20261006-0037,MOV-20261006-0037,TRN-58002,GID,14:30,14:30,0
STOP-20261006-0038,MOV-20261006-0038,TRN-58002,KGP,15:33,15:33,0
STOP-20261006-0039,MOV-20261006-0039,TRN-58002,PKU,16:38,16:38,0
STOP-20261006-0040,MOV-20261006-0040,TRN-58002,SRC,18:58,18:58,0
STOP-20261006-0041,MOV-20261006-0041,TRN-68001,HWH,10:00,10:00,0
STOP-20261006-0042,MOV-20261006-0042,TRN-68001,SRC,10:22,10:22,0
STOP-20261006-0043,MOV-20261006-0043,TRN-68001,PKU,12:59,12:59,0
STOP-20261006-0044,MOV-20261006-0044,TRN-68001,KGP,14:11,14:11,0
STOP-20261006-0045,MOV-20261006-0045,TRN-68002,GID,16:00,16:00,0
STOP-20261006-0046,MOV-20261006-0046,TRN-68002,KGP,17:10,17:10,0
STOP-20261006-0047,MOV-20261006-0047,TRN-68002,PKU,18:20,18:20,0
STOP-20261006-0048,MOV-20261006-0048,TRN-68002,SRC,20:59,20:59,0
STOP-20261006-0049,MOV-20261006-0049,TRN-FRT01,HWH,11:00,11:00,0
STOP-20261006-0050,MOV-20261006-0050,TRN-FRT01,SRC,11:21,11:21,0
STOP-20261006-0051,MOV-20261006-0051,TRN-FRT01,PKU,14:00,14:00,0
STOP-20261006-0052,MOV-20261006-0052,TRN-FRT01,KGP,15:12,15:12,0
STOP-20261006-0053,MOV-20261006-0053,TRN-FRT02,GID,12:00,12:00,0
STOP-20261006-0054,MOV-20261006-0054,TRN-FRT02,KGP,13:10,13:10,0
STOP-20261006-0055,MOV-20261006-0055,TRN-FRT02,PKU,14:22,14:22,0
STOP-20261006-0056,MOV-20261006-0056,TRN-FRT02,SRC,16:59,16:59,0
STOP-20261006-0057,MOV-20261006-0057,TRN-FRT03,HWH,13:00,13:00,0
STOP-20261006-0058,MOV-20261006-0058,TRN-FRT03,SRC,13:22,13:22,0
STOP-20261006-0059,MOV-20261006-0059,TRN-FRT03,PKU,16:07,16:07,0
STOP-20261006-0060,MOV-20261006-0060,TRN-FRT03,KGP,17:21,17:21,0
STOP-20261006-0061,MOV-20261006-0061,TRN-FRT04,GID,14:00,14:00,0
STOP-20261006-0062,MOV-20261006-0062,TRN-FRT04,KGP,15:14,15:14,0
STOP-20261006-0063,MOV-20261006-0063,TRN-FRT04,PKU,16:30,16:30,0
STOP-20261006-0064,MOV-20261006-0064,TRN-FRT04,SRC,19:18,19:18,0
STOP-20261007-0001,MOV-20261007-0001,TRN-12001,HWH,06:10,06:10,0
STOP-20261007-0002,MOV-20261007-0002,TRN-12001,SRC,06:24,06:24,0
STOP-20261007-0003,MOV-20261007-0003,TRN-12001,PKU,07:51,07:51,0
STOP-20261007-0004,MOV-20261007-0004,TRN-12001,KGP,08:29,08:29,0
STOP-20261007-0005,MOV-20261007-0005,TRN-12002,GID,17:10,17:10,0
STOP-20261007-0006,MOV-20261007-0006,TRN-12002,KGP,17:49,17:49,0
STOP-20261007-0007,MOV-20261007-0007,TRN-12002,PKU,18:27,18:27,0
STOP-20261007-0008,MOV-20261007-0008,TRN-12002,SRC,19:51,19:51,0
STOP-20261007-0009,MOV-20261007-0009,TRN-12801,GID,05:45,05:45,0
STOP-20261007-0010,MOV-20261007-0010,TRN-12801,KGP,06:22,06:22,0
STOP-20261007-0011,MOV-20261007-0011,TRN-12801,PKU,06:57,06:57,0
STOP-20261007-0012,MOV-20261007-0012,TRN-12801,SRC,08:14,08:14,0
STOP-20261007-0013,MOV-20261007-0013,TRN-12802,HWH,20:15,20:15,0
STOP-20261007-0014,MOV-20261007-0014,TRN-12802,SRC,20:28,20:28,0
STOP-20261007-0015,MOV-20261007-0015,TRN-12802,PKU,21:44,21:44,0
STOP-20261007-0016,MOV-20261007-0016,TRN-12802,KGP,22:18,22:18,0
STOP-20261007-0017,MOV-20261007-0017,TRN-18001,HWH,08:00,08:00,0
STOP-20261007-0018,MOV-20261007-0018,TRN-18001,SRC,08:18,08:18,0
STOP-20261007-0019,MOV-20261007-0019,TRN-18001,PKU,10:26,10:26,0
STOP-20261007-0020,MOV-20261007-0020,TRN-18001,KGP,11:24,11:24,0
STOP-20261007-0021,MOV-20261007-0021,TRN-18002,GID,15:00,15:00,0
STOP-20261007-0022,MOV-20261007-0022,TRN-18002,KGP,15:59,15:59,0
STOP-20261007-0023,MOV-20261007-0023,TRN-18002,PKU,16:57,16:57,0
STOP-20261007-0024,MOV-20261007-0024,TRN-18002,SRC,19:04,19:04,0
STOP-20261007-0025,MOV-20261007-0025,TRN-22641,GID,07:20,07:20,0
STOP-20261007-0026,MOV-20261007-0026,TRN-22641,KGP,07:55,07:55,0
STOP-20261007-0027,MOV-20261007-0027,TRN-22641,PKU,08:30,08:30,0
STOP-20261007-0028,MOV-20261007-0028,TRN-22641,SRC,09:48,09:48,0
STOP-20261007-0029,MOV-20261007-0029,TRN-22642,HWH,18:40,18:40,0
STOP-20261007-0030,MOV-20261007-0030,TRN-22642,SRC,18:54,18:54,0
STOP-20261007-0031,MOV-20261007-0031,TRN-22642,PKU,20:13,20:13,0
STOP-20261007-0032,MOV-20261007-0032,TRN-22642,KGP,20:49,20:49,0
STOP-20261007-0033,MOV-20261007-0033,TRN-58001,HWH,09:00,09:00,0
STOP-20261007-0034,MOV-20261007-0034,TRN-58001,SRC,09:20,09:20,0
STOP-20261007-0035,MOV-20261007-0035,TRN-58001,PKU,11:41,11:41,0
STOP-20261007-0036,MOV-20261007-0036,TRN-58001,KGP,12:43,12:43,0
STOP-20261007-0037,MOV-20261007-0037,TRN-58002,GID,14:30,14:30,0
STOP-20261007-0038,MOV-20261007-0038,TRN-58002,KGP,15:32,15:32,0
STOP-20261007-0039,MOV-20261007-0039,TRN-58002,PKU,16:36,16:36,0
STOP-20261007-0040,MOV-20261007-0040,TRN-58002,SRC,18:58,18:58,0
STOP-20261007-0041,MOV-20261007-0041,TRN-68001,HWH,10:00,10:00,0
STOP-20261007-0042,MOV-20261007-0042,TRN-68001,SRC,10:23,10:23,0
STOP-20261007-0043,MOV-20261007-0043,TRN-68001,PKU,13:02,13:02,0
STOP-20261007-0044,MOV-20261007-0044,TRN-68001,KGP,14:13,14:13,0
STOP-20261007-0045,MOV-20261007-0045,TRN-68002,GID,16:00,16:00,0
STOP-20261007-0046,MOV-20261007-0046,TRN-68002,KGP,17:12,17:12,0
STOP-20261007-0047,MOV-20261007-0047,TRN-68002,PKU,18:22,18:22,0
STOP-20261007-0048,MOV-20261007-0048,TRN-68002,SRC,21:01,21:01,0
STOP-20261007-0049,MOV-20261007-0049,TRN-FRT01,HWH,11:00,11:00,0
STOP-20261007-0050,MOV-20261007-0050,TRN-FRT01,SRC,11:20,11:20,0
STOP-20261007-0051,MOV-20261007-0051,TRN-FRT01,PKU,13:58,13:58,0
STOP-20261007-0052,MOV-20261007-0052,TRN-FRT01,KGP,15:09,15:09,0
STOP-20261007-0053,MOV-20261007-0053,TRN-FRT02,GID,12:00,12:00,0
STOP-20261007-0054,MOV-20261007-0054,TRN-FRT02,KGP,13:11,13:11,0
STOP-20261007-0055,MOV-20261007-0055,TRN-FRT02,PKU,14:24,14:24,0
STOP-20261007-0056,MOV-20261007-0056,TRN-FRT02,SRC,17:03,17:03,0
STOP-20261007-0057,MOV-20261007-0057,TRN-FRT03,HWH,13:00,13:00,0
STOP-20261007-0058,MOV-20261007-0058,TRN-FRT03,SRC,13:23,13:23,0
STOP-20261007-0059,MOV-20261007-0059,TRN-FRT03,PKU,16:10,16:10,0
STOP-20261007-0060,MOV-20261007-0060,TRN-FRT03,KGP,17:26,17:26,0
STOP-20261007-0061,MOV-20261007-0061,TRN-FRT04,GID,14:00,14:00,0
STOP-20261007-0062,MOV-20261007-0062,TRN-FRT04,KGP,15:14,15:14,0
STOP-20261007-0063,MOV-20261007-0063,TRN-FRT04,PKU,16:29,16:29,0
STOP-20261007-0064,MOV-20261007-0064,TRN-FRT04,SRC,19:15,19:15,0
STOP-20261008-0001,MOV-20261008-0001,TRN-12001,HWH,06:10,06:10,0
STOP-20261008-0002,MOV-20261008-0002,TRN-12001,SRC,06:22,06:22,0
STOP-20261008-0003,MOV-20261008-0003,TRN-12001,PKU,07:46,07:46,0
STOP-20261008-0004,MOV-20261008-0004,TRN-12001,KGP,08:27,08:27,0
STOP-20261008-0005,MOV-20261008-0005,TRN-12002,GID,17:10,17:10,0
STOP-20261008-0006,MOV-20261008-0006,TRN-12002,KGP,17:51,17:51,0
STOP-20261008-0007,MOV-20261008-0007,TRN-12002,PKU,18:32,18:32,0
STOP-20261008-0008,MOV-20261008-0008,TRN-12002,SRC,19:58,19:58,0
STOP-20261008-0009,MOV-20261008-0009,TRN-12801,GID,05:45,05:45,0
STOP-20261008-0010,MOV-20261008-0010,TRN-12801,KGP,06:20,06:20,0
STOP-20261008-0011,MOV-20261008-0011,TRN-12801,PKU,06:57,06:57,0
STOP-20261008-0012,MOV-20261008-0012,TRN-12801,SRC,08:15,08:15,0
STOP-20261008-0013,MOV-20261008-0013,TRN-12802,HWH,20:15,20:15,0
STOP-20261008-0014,MOV-20261008-0014,TRN-12802,SRC,20:25,20:25,0
STOP-20261008-0015,MOV-20261008-0015,TRN-12802,PKU,21:42,21:42,0
STOP-20261008-0016,MOV-20261008-0016,TRN-12802,KGP,22:18,22:18,0
STOP-20261008-0017,MOV-20261008-0017,TRN-18001,HWH,08:00,08:00,0
STOP-20261008-0018,MOV-20261008-0018,TRN-18001,SRC,08:18,08:18,0
STOP-20261008-0019,MOV-20261008-0019,TRN-18001,PKU,10:27,10:27,0
STOP-20261008-0020,MOV-20261008-0020,TRN-18001,KGP,11:24,11:24,0
STOP-20261008-0021,MOV-20261008-0021,TRN-18002,GID,15:00,15:00,0
STOP-20261008-0022,MOV-20261008-0022,TRN-18002,KGP,15:58,15:58,0
STOP-20261008-0023,MOV-20261008-0023,TRN-18002,PKU,16:57,16:57,0
STOP-20261008-0024,MOV-20261008-0024,TRN-18002,SRC,19:03,19:03,0
STOP-20261008-0025,MOV-20261008-0025,TRN-22641,GID,07:20,07:20,0
STOP-20261008-0026,MOV-20261008-0026,TRN-22641,KGP,07:57,07:57,0
STOP-20261008-0027,MOV-20261008-0027,TRN-22641,PKU,08:33,08:33,0
STOP-20261008-0028,MOV-20261008-0028,TRN-22641,SRC,09:52,09:52,0
STOP-20261008-0029,MOV-20261008-0029,TRN-22642,HWH,18:40,18:40,0
STOP-20261008-0030,MOV-20261008-0030,TRN-22642,SRC,18:54,18:54,0
STOP-20261008-0031,MOV-20261008-0031,TRN-22642,PKU,20:13,20:13,0
STOP-20261008-0032,MOV-20261008-0032,TRN-22642,KGP,20:51,20:51,0
STOP-20261008-0033,MOV-20261008-0033,TRN-58001,HWH,09:00,09:00,0
STOP-20261008-0034,MOV-20261008-0034,TRN-58001,SRC,09:21,09:21,0
STOP-20261008-0035,MOV-20261008-0035,TRN-58001,PKU,11:42,11:42,0
STOP-20261008-0036,MOV-20261008-0036,TRN-58001,KGP,12:45,12:45,0
STOP-20261008-0037,MOV-20261008-0037,TRN-58002,GID,14:30,14:30,0
STOP-20261008-0038,MOV-20261008-0038,TRN-58002,KGP,15:34,15:34,0
STOP-20261008-0039,MOV-20261008-0039,TRN-58002,PKU,16:36,16:36,0
STOP-20261008-0040,MOV-20261008-0040,TRN-58002,SRC,18:58,18:58,0
STOP-20261008-0041,MOV-20261008-0041,TRN-68001,HWH,10:00,10:00,0
STOP-20261008-0042,MOV-20261008-0042,TRN-68001,SRC,10:22,10:22,0
STOP-20261008-0043,MOV-20261008-0043,TRN-68001,PKU,13:01,13:01,0
STOP-20261008-0044,MOV-20261008-0044,TRN-68001,KGP,14:12,14:12,0
STOP-20261008-0045,MOV-20261008-0045,TRN-68002,GID,16:00,16:00,0
STOP-20261008-0046,MOV-20261008-0046,TRN-68002,KGP,17:13,17:13,0
STOP-20261008-0047,MOV-20261008-0047,TRN-68002,PKU,18:23,18:23,0
STOP-20261008-0048,MOV-20261008-0048,TRN-68002,SRC,21:01,21:01,0
STOP-20261008-0049,MOV-20261008-0049,TRN-FRT01,HWH,11:00,11:00,0
STOP-20261008-0050,MOV-20261008-0050,TRN-FRT01,SRC,11:20,11:20,0
STOP-20261008-0051,MOV-20261008-0051,TRN-FRT01,PKU,13:59,13:59,0
STOP-20261008-0052,MOV-20261008-0052,TRN-FRT01,KGP,15:10,15:10,0
STOP-20261008-0053,MOV-20261008-0053,TRN-FRT02,GID,12:00,12:00,0
STOP-20261008-0054,MOV-20261008-0054,TRN-FRT02,KGP,13:10,13:10,0
STOP-20261008-0055,MOV-20261008-0055,TRN-FRT02,PKU,14:20,14:20,0
STOP-20261008-0056,MOV-20261008-0056,TRN-FRT02,SRC,16:59,16:59,0
STOP-20261008-0057,MOV-20261008-0057,TRN-FRT03,HWH,13:00,13:00,0
STOP-20261008-0058,MOV-20261008-0058,TRN-FRT03,SRC,13:21,13:21,0
STOP-20261008-0059,MOV-20261008-0059,TRN-FRT03,PKU,16:08,16:08,0
STOP-20261008-0060,MOV-20261008-0060,TRN-FRT03,KGP,17:21,17:21,0
STOP-20261008-0061,MOV-20261008-0061,TRN-FRT04,GID,14:00,14:00,0
STOP-20261008-0062,MOV-20261008-0062,TRN-FRT04,KGP,15:14,15:14,0
STOP-20261008-0063,MOV-20261008-0063,TRN-FRT04,PKU,16:28,16:28,0
STOP-20261008-0064,MOV-20261008-0064,TRN-FRT04,SRC,19:13,19:13,0
