employee_id,department,role,skill,base_location,section,availability_date,shift_start,shift_end,availability_status,assigned_hours,max_daily_hours
HR-001,TMS,Track Technician,Track Maintenance,Kharagpur,KGP-MDN,2026-09-28,06:00,18:00,Available,2,10
HR-002,TMS,Track Inspector,Track Inspection,Kharagpur,KGP-MDN,2026-09-28,06:00,18:00,Available,3,10
HR-003,TMS,Senior Track Technician,Track Maintenance,Midnapore,MDN-BLS,2026-09-28,18:00,06:00,Available,1,10
HR-004,TMS,Track Technician,Track Maintenance,Kharagpur,KGP-BLS,2026-09-28,18:00,06:00,Limited,7,10
HR-005,TMS,Machine Operator,Tamping Machine,Kharagpur,KGP-MDN,2026-09-28,06:00,18:00,Available,4,10
HR-006,TMS,Machine Operator,Ballast Regulation,Midnapore,MDN-BLS,2026-09-28,07:00,19:00,Available,3,10
HR-007,SMMS,Signal Technician,Signalling,Kharagpur,KGP-MDN,2026-09-28,18:00,06:00,Available,2,10
HR-008,SMMS,Senior Signal Technician,Interlocking,Kharagpur,KGP-KGP,2026-09-28,18:00,06:00,Available,3,10
HR-009,SMMS,Signal Technician,Point Machine,Kharagpur,KGP-KGP,2026-09-28,06:00,18:00,Limited,8,10
HR-010,SMMS,Signal Technician,Track Circuit,Jaleswar,JLS-BLS,2026-09-28,18:00,06:00,Available,2,10
HR-011,SMMS,Signal Technician,Signalling,Santragachi,KGP-SRC,2026-09-28,06:00,18:00,Unavailable,0,10
HR-012,SMMS,Signal Technician,Signalling,Kharagpur,KGP-BLS,2026-09-28,18:00,06:00,Available,4,10
HR-013,TDMS,OHE Technician,OHE Maintenance,Kharagpur,KGP-MDN,2026-09-28,18:00,06:00,Available,2,10
HR-014,TDMS,OHE Technician,OHE Inspection,Kharagpur,KGP-BLS,2026-09-28,06:00,18:00,Available,3,10
HR-015,TDMS,Senior OHE Technician,OHE Maintenance,Kharagpur,KGP-BLS,2026-09-28,18:00,06:00,Limited,8,10
HR-016,TDMS,Electrical Technician,Electrical Maintenance,Kharagpur,KGP-KGP,2026-09-28,06:00,18:00,Available,2,10
HR-017,TDMS,Electrical Technician,Switchgear,Kharagpur,KGP-SRC,2026-09-28,06:00,18:00,Unavailable,0,10
HR-018,TDMS,OHE Technician,OHE Maintenance,Jaleswar,JLS-BLS,2026-09-28,18:00,06:00,Available,4,10
HR-019,TMS,Track Technician,Track Maintenance,Kharagpur,KGP-MDN,2026-09-29,18:00,06:00,Available,1,10
HR-020,SMMS,Senior Signal Technician,Interlocking,Kharagpur,KGP-MDN,2026-09-29,18:00,06:00,Available,2,10
HR-021,TDMS,OHE Technician,OHE Maintenance,Kharagpur,KGP-BLS,2026-09-29,18:00,06:00,Available,1,10
HR-022,TMS,Track Inspector,Track Inspection,Kharagpur,KGP-ADL,2026-09-29,06:00,18:00,Available,2,10
HR-023,SMMS,Signal Technician,Track Circuit,Jaleswar,JLS-BLS,2026-09-29,18:00,06:00,Limited,7,10
HR-024,TDMS,Electrical Technician,Electrical Maintenance,Kharagpur,KGP-MDN,2026-09-29,18:00,06:00,Available,3,10