machine_id,machine_type,description,base_location,section,availability_date,shift_start,shift_end,availability_status,assigned_hours,max_daily_hours,maintenance_due_date
TMM-001,Tamping Machine,Track tamping and alignment,Kharagpur,KGP-MDN,2026-09-28,06:00,18:00,Available,4,10,2026-10-15
TMM-002,Tamping Machine,Track tamping and alignment,Kharagpur,KGP-KGP,2026-09-28,18:00,06:00,Limited,7,10,2026-10-05
TMM-003,Dynamic Track Stabilizer,Track stabilization,Kharagpur,KGP-MDN,2026-09-28,06:00,18:00,Available,3,10,2026-10-20
TMM-004,Ballast Regulator,Ballast profiling and regulation,Midnapore,MDN-BLS,2026-09-28,07:00,19:00,Available,3,10,2026-12-10
TMM-005,Rail Grinding Machine,Rail surface grinding,Kharagpur,KGP-BLS,2026-09-28,20:00,05:00,Available,0,8,2026-10-28
TMM-006,Mobile Maintenance Unit,Mobile track maintenance,Jaleswar,JLS-BLS,2026-09-28,06:00,18:00,Available,5,10,2026-11-18
TMM-007,Rail Welding Machine,Rail welding and joint repair,Kharagpur,KGP-MDN,2026-09-28,18:00,06:00,Available,1,8,2026-10-12
TMM-008,Tamping Machine,Track tamping and alignment,Santragachi,KGP-SRC,2026-09-28,06:00,18:00,Unavailable,0,10,2026-09-25
TMM-009,Ballast Regulator,Ballast profiling and regulation,Kharagpur,KGP-BLS,2026-09-28,18:00,06:00,Limited,7,10,2026-10-05
TMM-010,Mobile Maintenance Unit,Mobile track maintenance,Midnapore,MDN-BLS,2026-09-28,07:00,19:00,Available,2,10,2026-12-01
TMM-011,Rail Welding Machine,Rail welding and joint repair,Balasore,BLS-BAL,2026-09-28,20:00,05:00,Available,3,8,2026-10-20
TMM-012,Inspection Vehicle,Track inspection and measurement,Kharagpur,KGP-MDN,2026-09-28,06:00,18:00,Available,4,8,2026-11-12
TMM-013,Inspection Vehicle,Track inspection and measurement,Jaleswar,JLS-BLS,2026-09-28,18:00,06:00,Limited,6,8,2026-10-18
TMM-014,Mobile Maintenance Unit,Mobile railway maintenance support,Kharagpur,KGP-SRC,2026-09-28,18:00,06:00,Available,2,10,2026-11-25
TMM-015,Rail Welding Machine,Rail welding and joint repair,Kharagpur,KGP-BLS,2026-09-29,18:00,06:00,Unavailable,0,8,2026-09-29
TMM-016,Tamping Machine,Track tamping and alignment,Midnapore,MDN-BLS,2026-09-29,18:00,06:00,Available,2,10,2026-11-10
TMM-017,Inspection Vehicle,Track inspection and measurement,Kharagpur,KGP-ADL,2026-09-29,06:00,18:00,Available,2,8,2026-12-05
TMM-018,Mobile Maintenance Unit,Mobile signalling and OHE support,Kharagpur,KGP-MDN,2026-09-29,18:00,06:00,Limited,8,10,2026-10-08