request_id,activity,asset_type,asset_id,location,section,priority,status,reported_date,due_date,estimated_duration_hours,block_required,operational_impact,required_manpower,required_machine,required_materials
SMMS-001,Track circuit failure investigation,Track Circuit,TC-204,Kharagpur Section,KGP-MDN,Critical,Open,2026-09-23,2026-09-28,2.0,true,Signal protection affected until fault is resolved,4,Inspection Vehicle,"Track Circuit Cable;Relay Module"
SMMS-002,Point machine preventive maintenance,Point Machine,PM-118,Kharagpur Yard,KGP-KGP,High,Planned,2026-09-20,2026-09-30,3.0,true,Yard route availability restricted during maintenance,5,Mobile Maintenance Unit,"Point Machine Spares;Signal Cable"
SMMS-003,Signal aspect inspection,Signal,SIG-442,Kharagpur-Midnapore Section,KGP-MDN,Medium,Open,2026-09-19,2026-10-02,2.0,true,Controlled access required for signal inspection,3,Inspection Vehicle,"Signal Lamp"
SMMS-004,Relay room inspection,Interlocking,REL-031,Kharagpur Yard,KGP-KGP,Low,Planned,2026-09-16,2026-10-05,1.5,false,Minimal direct operational impact,2,Mobile Maintenance Unit,"Relay Module"
SMMS-005,Signal cable repair,Signal Cable,SC-227,Kharagpur-Balasore Section,KGP-BLS,High,Open,2026-09-22,2026-10-02,3.0,true,Signal communication temporarily unavailable,5,Mobile Maintenance Unit,"Signal Cable"
SMMS-006,Axle counter inspection,Axle Counter,AC-087,Jaleswar Section,JLS-BLS,Medium,Planned,2026-09-18,2026-10-04,2.0,true,Section access required for testing,3,Inspection Vehicle,"Signal Cable"
SMMS-007,Level crossing signal maintenance,Level Crossing Signal,LXS-056,Jaleswar Section,JLS-BLS,High,Open,2026-09-21,2026-10-04,2.5,true,Level crossing protection affected during maintenance,4,Mobile Maintenance Unit,"Signal Lamp;Signal Cable"
SMMS-008,Interlocking equipment maintenance,Interlocking,INT-014,Kharagpur-Midnapore Section,KGP-MDN,High,Planned,2026-09-17,2026-10-02,4.0,true,Route setting capability restricted during maintenance,6,Mobile Maintenance Unit,"Relay Module;Signal Cable"
SMMS-009,Signal lamp replacement,Signal,SIG-518,Kharagpur-Balasore Section,KGP-BLS,Low,Open,2026-09-15,2026-10-03,1.5,false,Low operational impact,2,Inspection Vehicle,"Signal Lamp"
SMMS-010,Point detection adjustment,Point Machine,PM-203,Kharagpur Yard,KGP-KGP,Medium,Open,2026-09-20,2026-10-01,2.5,true,Point operation restricted during adjustment,4,Mobile Maintenance Unit,"Point Machine Spares"
SMMS-011,Track circuit cable inspection,Track Circuit,TC-319,Kharagpur-Andal Section,KGP-ADL,Medium,Planned,2026-09-14,2026-10-04,2.0,true,Engineering access required for cable testing,3,Inspection Vehicle,"Track Circuit Cable"
SMMS-012,Signal control panel inspection,Control Panel,CP-044,Santragachi Section,KGP-SRC,Low,Planned,2026-09-13,2026-10-05,1.5,false,Inspection can be coordinated with operations,2,Mobile Maintenance Unit,"Relay Module"
SMMS-013,Emergency signalling fault inspection,Signal,SIG-601,Kharagpur Section,KGP-MDN,Critical,Open,2026-09-23,2026-09-28,1.5,true,Immediate signalling inspection required,3,Inspection Vehicle,"Signal Lamp;Signal Cable"
SMMS-014,Point machine overhaul,Point Machine,PM-241,Kharagpur Yard,KGP-KGP,High,Planned,2026-09-15,2026-10-02,4.0,true,Extended yard restriction required,6,Mobile Maintenance Unit,"Point Machine Spares;Signal Cable"
SMMS-015,Interlocking relay replacement,Interlocking,REL-072,Kharagpur-Midnapore Section,KGP-MDN,High,Open,2026-09-21,2026-10-02,3.0,true,Interlocking function restricted during replacement,5,Mobile Maintenance Unit,"Relay Module;Signal Cable"
SMMS-016,Axle counter cable maintenance,Axle Counter,AC-143,Kharagpur-Balasore Section,KGP-BLS,Medium,Planned,2026-09-18,2026-10-03,2.5,true,Section access required for cable maintenance,4,Inspection Vehicle,"Track Circuit Cable;Signal Cable"