crew_id,department,crew_name,crew_type,capacity,shift,available_from,available_to,status
CR-TMS-001,TMS,Track Gang Alpha,Track Gang,8,Day,08:00,18:00,Available
CR-TMS-002,TMS,Track Machine Team,Track Machine,6,Day,08:00,18:00,Available
CR-TMS-003,TMS,Rail Welding Team,Rail Welding Team,5,Day,08:00,18:00,Available
CR-TMS-004,TMS,Track Inspection Team,Track Inspection Team,4,Day,08:00,18:00,Limited
CR-TDMS-001,TDMS,OHE Crew Alpha,OHE Crew,7,Day,08:00,18:00,Available
CR-TDMS-002,TDMS,OHE Tower Wagon Team,OHE Tower Wagon,5,Day,08:00,18:00,Available
CR-TDMS-003,TDMS,Traction Maintenance Team,Traction Maintenance Team,6,Day,08:00,18:00,Limited
CR-TDMS-004,TDMS,Electrical Inspection Team,Electrical Inspection Team,4,Day,08:00,18:00,Available
CR-SMMS-001,SMMS,S&T Crew Alpha,S&T Crew,6,Day,08:00,18:00,Available
CR-SMMS-002,SMMS,Signal Testing Team,Signal Testing Team,4,Day,08:00,18:00,Available
CR-SMMS-003,SMMS,Point Machine Team,Point Machine Team,4,Day,08:00,18:00,Limited
CR-SMMS-004,SMMS,Telecom Maintenance Team,Telecom Maintenance Team,5,Day,08:00,18:00,Available
